2024-07-29 23:00:11,248 readNumBytes: 15488
2024-07-29 23:00:11,249 Header_Start_Index                   = 0
2024-07-29 23:00:11,250 Total Packet Length(number of bytes) = 393280
2024-07-29 23:00:11,250 Platform                             = 000a6843
2024-07-29 23:00:11,250 Frame Number                         = 30
2024-07-29 23:00:11,250 Time (CPU Cycles)                    = 2577442365
2024-07-29 23:00:11,250 Number of Detected Objects           = 1
2024-07-29 23:00:11,250 Number of TLVs                       = 1
2024-07-29 23:00:11,250 SubFrameNumber                       = 0
2024-07-29 23:00:11,250 Frame Fail, readNumBytes may not be long enough
2024-07-29 23:00:11,250 The 1st TLV
2024-07-29 23:00:11,250 TLV type = 10
2024-07-29 23:00:11,258 TLV length = 393216 bytes
2024-07-29 23:00:11,258 Length of the captured radar cube data = 15440 bytes
2024-07-29 23:00:11,258 Complex data size = 4
2024-07-29 23:00:11,258 Number of complex numbers/radarcube data elements = 98304
2024-07-29 23:00:11,264 Attempt to read beyond buffer size at index 3860
2024-07-29 23:00:11,264 Radar Cube Data (Imag, Real):
2024-07-29 23:00:11,264   Imaginary: 21536, Real: 2048
2024-07-29 23:00:11,264   Imaginary: 4140, Real: 1
2024-07-29 23:00:11,264   Imaginary: 13186, Real: 0
2024-07-29 23:00:11,264   Imaginary: 1, Real: 0
2024-07-29 23:00:11,264   Imaginary: 258, Real: 772
2024-07-29 23:00:11,264   Imaginary: 1286, Real: 1800
2024-07-29 23:00:11,264   Imaginary: 512, Real: 774
2024-07-29 23:00:11,264   Imaginary: 64, Real: 6
2024-07-29 23:00:11,264   Imaginary: 26691, Real: 10
2024-07-29 23:00:11,264   Imaginary: 31, Real: 0
2024-07-29 23:00:11,264   Imaginary: -29252, Real: -25445
2024-07-29 23:00:11,264   Imaginary: 1, Real: 0
2024-07-29 23:00:11,264   Imaginary: 1, Real: 0
2024-07-29 23:00:11,264   Imaginary: 0, Real: 0
2024-07-29 23:00:11,264   Imaginary: 10, Real: 0
2024-07-29 23:00:11,264   Imaginary: 0, Real: 6
2024-07-29 23:00:11,267   Imaginary: 21536, Real: 2048
2024-07-29 23:00:11,267   Imaginary: 3210, Real: 1
2024-07-29 23:00:11,267   Imaginary: 13173, Real: 0
2024-07-29 23:00:11,267   Imaginary: 1, Real: 0
2024-07-29 23:00:11,267   Imaginary: 258, Real: 772
2024-07-29 23:00:11,267   Imaginary: 1286, Real: 1800
2024-07-29 23:00:11,267   Imaginary: 512, Real: 774
2024-07-29 23:00:11,267   Imaginary: 64, Real: 6
2024-07-29 23:00:11,267   Imaginary: 26691, Real: 10
2024-07-29 23:00:11,267   Imaginary: 32, Real: 0
2024-07-29 23:00:11,267   Imaginary: -30792, Real: -24682
2024-07-29 23:00:11,267   Imaginary: 2, Real: 0
2024-07-29 23:00:11,267   Imaginary: 1, Real: 0
2024-07-29 23:00:11,267   Imaginary: 0, Real: 0
2024-07-29 23:00:11,267   Imaginary: 10, Real: 0
2024-07-29 23:00:11,267   Imaginary: 0, Real: 6
2024-07-29 23:00:11,267   Imaginary: 18895, Real: -1942
2024-07-29 23:00:11,267   Imaginary: -14000, Real: 14876
2024-07-29 23:00:11,267   Imaginary: -18587, Real: -17841
2024-07-29 23:00:11,267   Imaginary: -26884, Real: 14933
2024-07-29 23:00:11,268   Imaginary: 258, Real: 772
2024-07-29 23:00:11,268   Imaginary: 1286, Real: 1800
2024-07-29 23:00:11,268   Imaginary: 512, Real: 774
2024-07-29 23:00:11,268   Imaginary: 64, Real: 6
2024-07-29 23:00:11,268   Imaginary: 26691, Real: 10
2024-07-29 23:00:11,268   Imaginary: 33, Real: 0
2024-07-29 23:00:11,268   Imaginary: 29185, Real: -23919
2024-07-29 23:00:11,268   Imaginary: 1, Real: 0
2024-07-29 23:00:11,268   Imaginary: 1, Real: 0
2024-07-29 23:00:11,268   Imaginary: 0, Real: 0
2024-07-29 23:00:11,268   Imaginary: 10, Real: 0
2024-07-29 23:00:11,268   Imaginary: 0, Real: 6
2024-07-29 23:00:11,268   Imaginary: 21536, Real: 2048
2024-07-29 23:00:11,268   Imaginary: 3657, Real: 1
2024-07-29 23:00:11,268   Imaginary: 13182, Real: 0
2024-07-29 23:00:11,268   Imaginary: 1, Real: 0
2024-07-29 23:00:11,268   Imaginary: 258, Real: 772
2024-07-29 23:00:11,268   Imaginary: 1286, Real: 1800
2024-07-29 23:00:11,268   Imaginary: 512, Real: 774
2024-07-29 23:00:11,268   Imaginary: 64, Real: 6
2024-07-29 23:00:11,268   Imaginary: 26691, Real: 10
2024-07-29 23:00:11,268   Imaginary: 34, Real: 0
2024-07-29 23:00:11,268   Imaginary: -7094, Real: -23156
2024-07-29 23:00:11,268   Imaginary: 2, Real: 0
2024-07-29 23:00:11,268   Imaginary: 1, Real: 0
2024-07-29 23:00:11,268   Imaginary: 0, Real: 0
2024-07-29 23:00:11,268   Imaginary: 10, Real: 0
2024-07-29 23:00:11,268   Imaginary: 0, Real: 6
2024-07-29 23:00:11,268   Imaginary: 21536, Real: 2048
2024-07-29 23:00:11,268   Imaginary: 26549, Real: 1
2024-07-29 23:00:11,268   Imaginary: 21787, Real: 0
2024-07-29 23:00:11,268   Imaginary: 2, Real: 0
2024-07-29 23:00:11,268   Imaginary: 258, Real: 772
2024-07-29 23:00:11,268   Imaginary: 1286, Real: 1800
2024-07-29 23:00:11,268   Imaginary: 512, Real: 774
2024-07-29 23:00:11,268   Imaginary: 64, Real: 6
2024-07-29 23:00:11,268   Imaginary: 26691, Real: 10
2024-07-29 23:00:11,268   Imaginary: 35, Real: 0
2024-07-29 23:00:11,268   Imaginary: -6946, Real: -22393
2024-07-29 23:00:11,268   Imaginary: 2, Real: 0
2024-07-29 23:00:11,268   Imaginary: 1, Real: 0
2024-07-29 23:00:11,268   Imaginary: 0, Real: 0
2024-07-29 23:00:11,268   Imaginary: 10, Real: 0
2024-07-29 23:00:11,268   Imaginary: 0, Real: 6
2024-07-29 23:00:11,268   Imaginary: 21536, Real: 2048
2024-07-29 23:00:11,268   Imaginary: 25599, Real: 1
2024-07-29 23:00:11,268   Imaginary: 21787, Real: 0
2024-07-29 23:00:11,268   Imaginary: 2, Real: 0
2024-07-29 23:00:11,268   Imaginary: 258, Real: 772
2024-07-29 23:00:11,268   Imaginary: 1286, Real: 1800
2024-07-29 23:00:11,268   Imaginary: 512, Real: 774
2024-07-29 23:00:11,268   Imaginary: 64, Real: 6
2024-07-29 23:00:11,268   Imaginary: 26691, Real: 10
2024-07-29 23:00:11,268   Imaginary: 36, Real: 0
2024-07-29 23:00:11,268   Imaginary: -18013, Real: -21630
2024-07-29 23:00:11,268   Imaginary: 2, Real: 0
2024-07-29 23:00:11,268   Imaginary: 1, Real: 0
2024-07-29 23:00:11,268   Imaginary: 0, Real: 0
2024-07-29 23:00:11,268   Imaginary: 10, Real: 0
2024-07-29 23:00:11,268   Imaginary: 0, Real: 6
2024-07-29 23:00:11,268   Imaginary: 21536, Real: 2048
2024-07-29 23:00:11,268   Imaginary: 25468, Real: 1
2024-07-29 23:00:11,268   Imaginary: 21021, Real: 0
2024-07-29 23:00:11,268   Imaginary: 2, Real: 0
2024-07-29 23:00:11,268   Imaginary: 258, Real: 772
2024-07-29 23:00:11,268   Imaginary: 1286, Real: 1800
2024-07-29 23:00:11,268   Imaginary: 512, Real: 774
2024-07-29 23:00:11,268   Imaginary: 64, Real: 6
2024-07-29 23:00:11,268   Imaginary: 26691, Real: 10
2024-07-29 23:00:11,268   Imaginary: 37, Real: 0
2024-07-29 23:00:11,268   Imaginary: -23113, Real: -20867
2024-07-29 23:00:11,268   Imaginary: 2, Real: 0
2024-07-29 23:00:11,268   Imaginary: 1, Real: 0
2024-07-29 23:00:11,268   Imaginary: 0, Real: 0
2024-07-29 23:00:11,268   Imaginary: 10, Real: 0
2024-07-29 23:00:11,268   Imaginary: 0, Real: 6
2024-07-29 23:00:11,268   Imaginary: 21536, Real: 2048
2024-07-29 23:00:11,268   Imaginary: 24839, Real: 1
2024-07-29 23:00:11,268   Imaginary: 21029, Real: 0
2024-07-29 23:00:11,268   Imaginary: 2, Real: 0
2024-07-29 23:00:11,268   Imaginary: 258, Real: 772
2024-07-29 23:00:11,268   Imaginary: 1286, Real: 1800
2024-07-29 23:00:11,268   Imaginary: 512, Real: 774
2024-07-29 23:00:11,268   Imaginary: 64, Real: 6
2024-07-29 23:00:11,268   Imaginary: 26691, Real: 10
2024-07-29 23:00:11,268   Imaginary: 38, Real: 0
2024-07-29 23:00:11,268   Imaginary: 9742, Real: -20104
2024-07-29 23:00:11,268   Imaginary: 1, Real: 0
2024-07-29 23:00:11,268   Imaginary: 1, Real: 0
2024-07-29 23:00:11,268   Imaginary: 0, Real: 0
2024-07-29 23:00:11,268   Imaginary: 10, Real: 0
2024-07-29 23:00:11,268   Imaginary: 0, Real: 6
2024-07-29 23:00:11,268   Imaginary: 21536, Real: 2048
2024-07-29 23:00:11,268   Imaginary: 4242, Real: 1
2024-07-29 23:00:11,268   Imaginary: 13182, Real: 0
2024-07-29 23:00:11,268   Imaginary: 1, Real: 0
2024-07-29 23:00:11,268   Imaginary: 258, Real: 772
2024-07-29 23:00:11,268   Imaginary: 1286, Real: 1800
2024-07-29 23:00:11,268   Imaginary: 512, Real: 774
2024-07-29 23:00:11,268   Imaginary: 64, Real: 6
2024-07-29 23:00:11,268   Imaginary: 26691, Real: 10
2024-07-29 23:00:11,268   Imaginary: 39, Real: 0
2024-07-29 23:00:11,268   Imaginary: 5323, Real: -19341
2024-07-29 23:00:11,273   Imaginary: 1, Real: 0
2024-07-29 23:00:11,273   Imaginary: 1, Real: 0
2024-07-29 23:00:11,273   Imaginary: 0, Real: 0
2024-07-29 23:00:11,273   Imaginary: 10, Real: 0
2024-07-29 23:00:11,273   Imaginary: 0, Real: 6
2024-07-29 23:00:11,273   Imaginary: 21536, Real: 2048
2024-07-29 23:00:11,273   Imaginary: 3887, Real: 1
2024-07-29 23:00:11,273   Imaginary: 13182, Real: 0
2024-07-29 23:00:11,273   Imaginary: 1, Real: 0
2024-07-29 23:00:11,273   Imaginary: 258, Real: 772
2024-07-29 23:00:11,273   Imaginary: 1286, Real: 1800
2024-07-29 23:00:11,273   Imaginary: 512, Real: 774
2024-07-29 23:00:11,273   Imaginary: 64, Real: 6
2024-07-29 23:00:11,273   Imaginary: 26691, Real: 10
2024-07-29 23:00:11,273   Imaginary: 40, Real: 0
2024-07-29 23:00:11,273   Imaginary: -16698, Real: -18578
2024-07-29 23:00:11,273   Imaginary: 3, Real: 0
2024-07-29 23:00:11,273   Imaginary: 1, Real: 0
2024-07-29 23:00:11,273   Imaginary: 0, Real: 0
2024-07-29 23:00:11,273   Imaginary: 10, Real: 0
2024-07-29 23:00:11,273   Imaginary: 0, Real: 6
2024-07-29 23:00:11,273   Imaginary: 21536, Real: 2048
2024-07-29 23:00:11,273   Imaginary: -24574, Real: 1
2024-07-29 23:00:11,274   Imaginary: 21805, Real: 0
2024-07-29 23:00:11,274   Imaginary: 3, Real: 0
2024-07-29 23:00:11,274   Imaginary: 258, Real: 772
2024-07-29 23:00:11,274   Imaginary: 1286, Real: 1800
2024-07-29 23:00:11,274   Imaginary: 512, Real: 774
2024-07-29 23:00:11,274   Imaginary: 64, Real: 6
2024-07-29 23:00:11,274   Imaginary: 26691, Real: 10
2024-07-29 23:00:11,274   Imaginary: 41, Real: 0
2024-07-29 23:00:11,274   Imaginary: 2518, Real: -17814
2024-07-29 23:00:11,274   Imaginary: 4, Real: 0
2024-07-29 23:00:11,274   Imaginary: 1, Real: 0
2024-07-29 23:00:11,274   Imaginary: 0, Real: 0
2024-07-29 23:00:11,274   Imaginary: 10, Real: 0
2024-07-29 23:00:11,274   Imaginary: 0, Real: 6
2024-07-29 23:00:11,274   Imaginary: 21536, Real: 2048
2024-07-29 23:00:11,274   Imaginary: -10263, Real: 1
2024-07-29 23:00:11,274   Imaginary: 30756, Real: 0
2024-07-29 23:00:11,274   Imaginary: 4, Real: 0
2024-07-29 23:00:11,274   Imaginary: 258, Real: 772
2024-07-29 23:00:11,274   Imaginary: 1286, Real: 1800
2024-07-29 23:00:11,274   Imaginary: 512, Real: 774
2024-07-29 23:00:11,274   Imaginary: 64, Real: 6
2024-07-29 23:00:11,274   Imaginary: 26691, Real: 10
2024-07-29 23:00:11,274   Imaginary: 42, Real: 0
2024-07-29 23:00:11,274   Imaginary: 25729, Real: -17052
2024-07-29 23:00:11,274   Imaginary: 2, Real: 0
2024-07-29 23:00:11,274   Imaginary: 1, Real: 0
2024-07-29 23:00:11,274   Imaginary: 0, Real: 0
2024-07-29 23:00:11,274   Imaginary: 10, Real: 0
2024-07-29 23:00:11,274   Imaginary: 0, Real: 6
2024-07-29 23:00:11,274   Imaginary: 21536, Real: 2048
2024-07-29 23:00:11,274   Imaginary: 27000, Real: 1
2024-07-29 23:00:11,274   Imaginary: 21001, Real: 0
2024-07-29 23:00:11,274   Imaginary: 2, Real: 0
2024-07-29 23:00:11,274   Imaginary: 258, Real: 772
2024-07-29 23:00:11,274   Imaginary: 1286, Real: 1800
2024-07-29 23:00:11,274   Imaginary: 512, Real: 774
2024-07-29 23:00:11,274   Imaginary: 64, Real: 6
2024-07-29 23:00:11,274   Imaginary: 26691, Real: 10
2024-07-29 23:00:11,274   Imaginary: 43, Real: 0
2024-07-29 23:00:11,274   Imaginary: 17041, Real: -16289
2024-07-29 23:00:11,274   Imaginary: 2, Real: 0
2024-07-29 23:00:11,274   Imaginary: 1, Real: 0
2024-07-29 23:00:11,274   Imaginary: 0, Real: 0
2024-07-29 23:00:11,274   Imaginary: 10, Real: 0
2024-07-29 23:00:11,274   Imaginary: 0, Real: 6
2024-07-29 23:00:11,274   Imaginary: 21536, Real: 2048
2024-07-29 23:00:11,274   Imaginary: 23062, Real: 1
2024-07-29 23:00:11,274   Imaginary: 21021, Real: 0
2024-07-29 23:00:11,274   Imaginary: 2, Real: 0
2024-07-29 23:00:11,274   Imaginary: 258, Real: 772
2024-07-29 23:00:11,274   Imaginary: 1286, Real: 1800
2024-07-29 23:00:11,274   Imaginary: 512, Real: 774
2024-07-29 23:00:11,274   Imaginary: 64, Real: 6
2024-07-29 23:00:11,274   Imaginary: 26691, Real: 10
2024-07-29 23:00:11,274   Imaginary: 44, Real: 0
2024-07-29 23:00:11,274   Imaginary: 20157, Real: -15526
2024-07-29 23:00:11,274   Imaginary: 2, Real: 0
2024-07-29 23:00:11,274   Imaginary: 1, Real: 0
2024-07-29 23:00:11,274   Imaginary: 0, Real: 0
2024-07-29 23:00:11,274   Imaginary: 10, Real: 0
2024-07-29 23:00:11,274   Imaginary: 0, Real: 6
2024-07-29 23:00:11,274   Imaginary: 21536, Real: 2048
2024-07-29 23:00:11,274   Imaginary: 26150, Real: 1
2024-07-29 23:00:11,274   Imaginary: 21816, Real: 0
2024-07-29 23:00:11,274   Imaginary: 2, Real: 0
2024-07-29 23:00:11,274   Imaginary: 258, Real: 772
2024-07-29 23:00:11,274   Imaginary: 1286, Real: 1800
2024-07-29 23:00:11,274   Imaginary: 512, Real: 774
2024-07-29 23:00:11,274   Imaginary: 64, Real: 6
2024-07-29 23:00:11,274   Imaginary: 26691, Real: 10
2024-07-29 23:00:11,274   Imaginary: 45, Real: 0
2024-07-29 23:00:11,274   Imaginary: -16589, Real: -14764
2024-07-29 23:00:11,274   Imaginary: 1, Real: 0
2024-07-29 23:00:11,274   Imaginary: 1, Real: 0
2024-07-29 23:00:11,274   Imaginary: 0, Real: 0
2024-07-29 23:00:11,274   Imaginary: 10, Real: 0
2024-07-29 23:00:11,274   Imaginary: 0, Real: 6
2024-07-29 23:00:11,274   Imaginary: 21536, Real: 2048
2024-07-29 23:00:11,274   Imaginary: 4083, Real: 1
2024-07-29 23:00:11,274   Imaginary: 13186, Real: 0
2024-07-29 23:00:11,274   Imaginary: 1, Real: 0
2024-07-29 23:00:11,274   Imaginary: 258, Real: 772
2024-07-29 23:00:11,274   Imaginary: 1286, Real: 1800
2024-07-29 23:00:11,274   Imaginary: 512, Real: 774
2024-07-29 23:00:11,274   Imaginary: 64, Real: 6
2024-07-29 23:00:11,274   Imaginary: 26691, Real: 10
2024-07-29 23:00:11,274   Imaginary: 46, Real: 0
2024-07-29 23:00:11,274   Imaginary: 10596, Real: -14000
2024-07-29 23:00:11,274   Imaginary: 2, Real: 0
2024-07-29 23:00:11,274   Imaginary: 1, Real: 0
2024-07-29 23:00:11,274   Imaginary: 0, Real: 0
2024-07-29 23:00:11,274   Imaginary: 10, Real: 0
2024-07-29 23:00:11,274   Imaginary: 0, Real: 6
2024-07-29 23:00:11,274   Imaginary: 21536, Real: 2048
2024-07-29 23:00:11,274   Imaginary: 26512, Real: 1
2024-07-29 23:00:11,274   Imaginary: 21795, Real: 0
2024-07-29 23:00:11,274   Imaginary: 2, Real: 0
2024-07-29 23:00:11,274   Imaginary: 258, Real: 772
2024-07-29 23:00:11,274   Imaginary: 1286, Real: 1800
2024-07-29 23:00:11,274   Imaginary: 512, Real: 774
2024-07-29 23:00:11,274   Imaginary: 64, Real: 6
2024-07-29 23:00:11,274   Imaginary: 26691, Real: 10
2024-07-29 23:00:11,274   Imaginary: 47, Real: 0
2024-07-29 23:00:11,274   Imaginary: -24676, Real: -13238
2024-07-29 23:00:11,274   Imaginary: 1, Real: 0
2024-07-29 23:00:11,274   Imaginary: 1, Real: 0
2024-07-29 23:00:11,274   Imaginary: 0, Real: 0
2024-07-29 23:00:11,274   Imaginary: 10, Real: 0
2024-07-29 23:00:11,274   Imaginary: 0, Real: 6
2024-07-29 23:00:11,274   Imaginary: -18587, Real: -17841
2024-07-29 23:00:11,274   Imaginary: -26884, Real: -17835
2024-07-29 23:00:11,274   Imaginary: 0, Real: 0
2024-07-29 23:00:11,274   Imaginary: 0, Real: 16368
2024-07-29 23:00:11,274   Imaginary: 258, Real: 772
2024-07-29 23:00:11,274   Imaginary: 1286, Real: 1800
2024-07-29 23:00:11,274   Imaginary: 512, Real: 774
2024-07-29 23:00:11,274   Imaginary: 64, Real: 6
2024-07-29 23:00:11,274   Imaginary: 26691, Real: 10
2024-07-29 23:00:11,274   Imaginary: 48, Real: 0
2024-07-29 23:00:11,274   Imaginary: 4794, Real: -12474
2024-07-29 23:00:11,274   Imaginary: 2, Real: 0
2024-07-29 23:00:11,274   Imaginary: 1, Real: 0
2024-07-29 23:00:11,274   Imaginary: 0, Real: 0
2024-07-29 23:00:11,274   Imaginary: 10, Real: 0
2024-07-29 23:00:11,274   Imaginary: 0, Real: 6
2024-07-29 23:00:11,274   Imaginary: 21536, Real: 2048
2024-07-29 23:00:11,274   Imaginary: 26827, Real: 1
2024-07-29 23:00:11,274   Imaginary: 21787, Real: 0
2024-07-29 23:00:11,274   Imaginary: 2, Real: 0
2024-07-29 23:00:11,274   Imaginary: 258, Real: 772
2024-07-29 23:00:11,274   Imaginary: 1286, Real: 1800
2024-07-29 23:00:11,274   Imaginary: 512, Real: 774
2024-07-29 23:00:11,274   Imaginary: 64, Real: 6
2024-07-29 23:00:11,274   Imaginary: 26691, Real: 10
2024-07-29 23:00:11,274   Imaginary: 49, Real: 0
2024-07-29 23:00:11,274   Imaginary: 4564, Real: -11710
2024-07-29 23:00:11,274   Imaginary: 6, Real: 0
2024-07-29 23:00:11,274   Imaginary: 1, Real: 0
2024-07-29 23:00:11,274   Imaginary: 0, Real: 0
2024-07-29 23:00:11,274   Imaginary: 10, Real: 0
2024-07-29 23:00:11,274   Imaginary: 0, Real: 6
2024-07-29 23:00:11,274   Imaginary: 21536, Real: 2048
2024-07-29 23:00:11,274   Imaginary: 22463, Real: 2
2024-07-29 23:00:11,274   Imaginary: 30857, Real: 0
2024-07-29 23:00:11,274   Imaginary: 6, Real: 0
2024-07-29 23:00:11,274   Imaginary: 258, Real: 772
2024-07-29 23:00:11,274   Imaginary: 1286, Real: 1800
2024-07-29 23:00:11,274   Imaginary: 512, Real: 774
2024-07-29 23:00:11,274   Imaginary: 64, Real: 6
2024-07-29 23:00:11,274   Imaginary: 26691, Real: 10
2024-07-29 23:00:11,274   Imaginary: 50, Real: 0
2024-07-29 23:00:11,274   Imaginary: 5229, Real: -10948
2024-07-29 23:00:11,274   Imaginary: 3, Real: 0
2024-07-29 23:00:11,274   Imaginary: 1, Real: 0
2024-07-29 23:00:11,274   Imaginary: 0, Real: 0
2024-07-29 23:00:11,274   Imaginary: 10, Real: 0
2024-07-29 23:00:11,274   Imaginary: 0, Real: 6
2024-07-29 23:00:11,274   Imaginary: 21536, Real: 2048
2024-07-29 23:00:11,274   Imaginary: -27493, Real: 1
2024-07-29 23:00:11,274   Imaginary: 21274, Real: 0
2024-07-29 23:00:11,274   Imaginary: 3, Real: 0
2024-07-29 23:00:11,274   Imaginary: 258, Real: 772
2024-07-29 23:00:11,274   Imaginary: 1286, Real: 1800
2024-07-29 23:00:11,274   Imaginary: 512, Real: 774
2024-07-29 23:00:11,274   Imaginary: 64, Real: 6
2024-07-29 23:00:11,274   Imaginary: 26691, Real: 10
2024-07-29 23:00:11,274   Imaginary: 51, Real: 0
2024-07-29 23:00:11,274   Imaginary: -8800, Real: -10186
2024-07-29 23:00:11,274   Imaginary: 2, Real: 0
2024-07-29 23:00:11,274   Imaginary: 1, Real: 0
2024-07-29 23:00:11,274   Imaginary: 0, Real: 0
2024-07-29 23:00:11,274   Imaginary: 10, Real: 0
2024-07-29 23:00:11,274   Imaginary: 0, Real: 6
2024-07-29 23:00:11,274   Imaginary: 21536, Real: 2048
2024-07-29 23:00:11,274   Imaginary: 26969, Real: 1
2024-07-29 23:00:11,274   Imaginary: 21778, Real: 0
2024-07-29 23:00:11,274   Imaginary: 2, Real: 0
2024-07-29 23:00:11,274   Imaginary: 258, Real: 772
2024-07-29 23:00:11,274   Imaginary: 1286, Real: 1800
2024-07-29 23:00:11,274   Imaginary: 512, Real: 774
2024-07-29 23:00:11,274   Imaginary: 64, Real: 6
2024-07-29 23:00:11,274   Imaginary: 26691, Real: 10
2024-07-29 23:00:11,274   Imaginary: 52, Real: 0
2024-07-29 23:00:11,274   Imaginary: -15656, Real: -9422
2024-07-29 23:00:11,274   Imaginary: 5, Real: 0
2024-07-29 23:00:11,274   Imaginary: 1, Real: 0
2024-07-29 23:00:11,274   Imaginary: 0, Real: 0
2024-07-29 23:00:11,274   Imaginary: 10, Real: 0
2024-07-29 23:00:11,274   Imaginary: 0, Real: 6
2024-07-29 23:00:11,274   Imaginary: 21536, Real: 2048
2024-07-29 23:00:11,274   Imaginary: 14783, Real: 2
2024-07-29 23:00:11,274   Imaginary: 30547, Real: 0
2024-07-29 23:00:11,274   Imaginary: 5, Real: 0
2024-07-29 23:00:11,274   Imaginary: 258, Real: 772
2024-07-29 23:00:11,274   Imaginary: 1286, Real: 1800
2024-07-29 23:00:11,274   Imaginary: 512, Real: 774
2024-07-29 23:00:11,274   Imaginary: 64, Real: 6
2024-07-29 23:00:11,274   Imaginary: 26691, Real: 10
2024-07-29 23:00:11,274   Imaginary: 53, Real: 0
2024-07-29 23:00:11,274   Imaginary: -16609, Real: -8660
2024-07-29 23:00:11,274   Imaginary: 2, Real: 0
2024-07-29 23:00:11,274   Imaginary: 1, Real: 0
2024-07-29 23:00:11,274   Imaginary: 0, Real: 0
2024-07-29 23:00:11,274   Imaginary: 10, Real: 0
2024-07-29 23:00:11,274   Imaginary: 0, Real: 6
2024-07-29 23:00:11,274   Imaginary: 21536, Real: 2048
2024-07-29 23:00:11,274   Imaginary: 25264, Real: 1
2024-07-29 23:00:11,274   Imaginary: 21802, Real: 0
2024-07-29 23:00:11,274   Imaginary: 2, Real: 0
2024-07-29 23:00:11,274   Imaginary: 258, Real: 772
2024-07-29 23:00:11,274   Imaginary: 1286, Real: 1800
2024-07-29 23:00:11,274   Imaginary: 512, Real: 774
2024-07-29 23:00:11,274   Imaginary: 64, Real: 6
2024-07-29 23:00:11,274   Imaginary: 26691, Real: 10
2024-07-29 23:00:11,274   Imaginary: 54, Real: 0
2024-07-29 23:00:11,274   Imaginary: -319, Real: -7897
2024-07-29 23:00:11,274   Imaginary: 4, Real: 0
2024-07-29 23:00:11,274   Imaginary: 1, Real: 0
2024-07-29 23:00:11,274   Imaginary: 0, Real: 0
2024-07-29 23:00:11,274   Imaginary: 10, Real: 0
2024-07-29 23:00:11,274   Imaginary: 0, Real: 6
2024-07-29 23:00:11,274   Imaginary: 21536, Real: 2048
2024-07-29 23:00:11,274   Imaginary: -18382, Real: 1
2024-07-29 23:00:11,274   Imaginary: 21805, Real: 0
2024-07-29 23:00:11,274   Imaginary: 4, Real: 0
2024-07-29 23:00:11,274   Imaginary: 258, Real: 772
2024-07-29 23:00:11,274   Imaginary: 1286, Real: 1800
2024-07-29 23:00:11,274   Imaginary: 512, Real: 774
2024-07-29 23:00:11,274   Imaginary: 64, Real: 6
2024-07-29 23:00:11,274   Imaginary: 26691, Real: 10
2024-07-29 23:00:11,274   Imaginary: 55, Real: 0
2024-07-29 23:00:11,274   Imaginary: -27974, Real: -7134
2024-07-29 23:00:11,274   Imaginary: 2, Real: 0
2024-07-29 23:00:11,274   Imaginary: 1, Real: 0
2024-07-29 23:00:11,274   Imaginary: 0, Real: 0
2024-07-29 23:00:11,274   Imaginary: 10, Real: 0
2024-07-29 23:00:11,274   Imaginary: 0, Real: 6
2024-07-29 23:00:11,274   Imaginary: 21536, Real: 2048
2024-07-29 23:00:11,274   Imaginary: 25739, Real: 1
2024-07-29 23:00:11,274   Imaginary: 21032, Real: 0
2024-07-29 23:00:11,274   Imaginary: 2, Real: 0
2024-07-29 23:00:11,274   Imaginary: 258, Real: 772
2024-07-29 23:00:11,274   Imaginary: 1286, Real: 1800
2024-07-29 23:00:11,274   Imaginary: 512, Real: 774
2024-07-29 23:00:11,274   Imaginary: 64, Real: 6
2024-07-29 23:00:11,274   Imaginary: 26691, Real: 10
2024-07-29 23:00:11,274   Imaginary: 56, Real: 0
2024-07-29 23:00:11,274   Imaginary: 3854, Real: -6371
2024-07-29 23:00:11,274   Imaginary: 1, Real: 0
2024-07-29 23:00:11,274   Imaginary: 1, Real: 0
2024-07-29 23:00:11,274   Imaginary: 0, Real: 0
2024-07-29 23:00:11,274   Imaginary: 10, Real: 0
2024-07-29 23:00:11,274   Imaginary: 0, Real: 6
2024-07-29 23:00:11,274   Imaginary: 21536, Real: 2048
2024-07-29 23:00:11,274   Imaginary: 4253, Real: 1
2024-07-29 23:00:11,274   Imaginary: 13173, Real: 0
2024-07-29 23:00:11,274   Imaginary: 1, Real: 0
2024-07-29 23:00:11,274   Imaginary: 258, Real: 772
2024-07-29 23:00:11,274   Imaginary: 1286, Real: 1800
2024-07-29 23:00:11,274   Imaginary: 512, Real: 774
2024-07-29 23:00:11,274   Imaginary: 64, Real: 6
2024-07-29 23:00:11,274   Imaginary: 26691, Real: 10
2024-07-29 23:00:11,274   Imaginary: 57, Real: 0
2024-07-29 23:00:11,274   Imaginary: -1157, Real: -5609
2024-07-29 23:00:11,274   Imaginary: 1, Real: 0
2024-07-29 23:00:11,274   Imaginary: 1, Real: 0
2024-07-29 23:00:11,274   Imaginary: 0, Real: 0
2024-07-29 23:00:11,274   Imaginary: 10, Real: 0
2024-07-29 23:00:11,274   Imaginary: 0, Real: 6
2024-07-29 23:00:11,274   Imaginary: 21536, Real: 2048
2024-07-29 23:00:11,274   Imaginary: 3701, Real: 1
2024-07-29 23:00:11,274   Imaginary: 13182, Real: 0
2024-07-29 23:00:11,274   Imaginary: 1, Real: 0
2024-07-29 23:00:11,274   Imaginary: 258, Real: 772
2024-07-29 23:00:11,274   Imaginary: 1286, Real: 1800
2024-07-29 23:00:11,274   Imaginary: 512, Real: 774
2024-07-29 23:00:11,274   Imaginary: 64, Real: 6
2024-07-29 23:00:11,274   Imaginary: 26691, Real: 10
2024-07-29 23:00:11,274   Imaginary: 58, Real: 0
2024-07-29 23:00:11,274   Imaginary: -4408, Real: -4846
2024-07-29 23:00:11,274   Imaginary: 1, Real: 0
2024-07-29 23:00:11,274   Imaginary: 1, Real: 0
2024-07-29 23:00:11,274   Imaginary: 0, Real: 0
2024-07-29 23:00:11,274   Imaginary: 10, Real: 0
2024-07-29 23:00:11,274   Imaginary: 0, Real: 6
2024-07-29 23:00:11,274   Imaginary: 21536, Real: 2048
2024-07-29 23:00:11,274   Imaginary: 4293, Real: 1
2024-07-29 23:00:11,274   Imaginary: 13186, Real: 0
2024-07-29 23:00:11,274   Imaginary: 1, Real: 0
2024-07-29 23:00:11,274   Imaginary: 258, Real: 772
2024-07-29 23:00:11,274   Imaginary: 1286, Real: 1800
2024-07-29 23:00:11,274   Imaginary: 512, Real: 774
2024-07-29 23:00:11,274   Imaginary: 64, Real: 6
2024-07-29 23:00:11,274   Imaginary: 26691, Real: 10
2024-07-29 23:00:11,274   Imaginary: 59, Real: 0
2024-07-29 23:00:11,274   Imaginary: 22303, Real: -4082
2024-07-29 23:00:11,274   Imaginary: 2, Real: 0
2024-07-29 23:00:11,274   Imaginary: 1, Real: 0
2024-07-29 23:00:11,274   Imaginary: 0, Real: 0
2024-07-29 23:00:11,274   Imaginary: 10, Real: 0
2024-07-29 23:00:11,274   Imaginary: 0, Real: 6
2024-07-29 23:00:11,274   Imaginary: 21536, Real: 2048
2024-07-29 23:00:11,274   Imaginary: 26554, Real: 1
2024-07-29 23:00:11,274   Imaginary: 21032, Real: 0
2024-07-29 23:00:11,274   Imaginary: 2, Real: 0
2024-07-29 23:00:11,274   Imaginary: 258, Real: 772
2024-07-29 23:00:11,274   Imaginary: 1286, Real: 1800
2024-07-29 23:00:11,274   Imaginary: 512, Real: 774
2024-07-29 23:00:11,274   Imaginary: 64, Real: 6
2024-07-29 23:00:11,274   Imaginary: 26691, Real: 10
2024-07-29 23:00:11,274   Imaginary: 60, Real: 0
2024-07-29 23:00:11,274   Imaginary: 17863, Real: -3319
2024-07-29 23:00:11,274   Imaginary: 2, Real: 0
2024-07-29 23:00:11,274   Imaginary: 1, Real: 0
2024-07-29 23:00:11,274   Imaginary: 0, Real: 0
2024-07-29 23:00:11,274   Imaginary: 10, Real: 0
2024-07-29 23:00:11,274   Imaginary: 0, Real: 6
2024-07-29 23:00:11,274   Imaginary: 21536, Real: 2048
2024-07-29 23:00:11,274   Imaginary: 24434, Real: 1
2024-07-29 23:00:11,274   Imaginary: 21987, Real: 0
2024-07-29 23:00:11,274   Imaginary: 2, Real: 0
2024-07-29 23:00:11,274   Imaginary: 258, Real: 772
2024-07-29 23:00:11,274   Imaginary: 1286, Real: 1800
2024-07-29 23:00:11,274   Imaginary: 512, Real: 774
2024-07-29 23:00:11,274   Imaginary: 64, Real: 6
2024-07-29 23:00:11,274   Imaginary: 26691, Real: 10
2024-07-29 23:00:11,274   Imaginary: 61, Real: 0
2024-07-29 23:00:11,274   Imaginary: 14364, Real: -2556
2024-07-29 23:00:11,274   Imaginary: 2, Real: 0
2024-07-29 23:00:11,274   Imaginary: 1, Real: 0
2024-07-29 23:00:11,274   Imaginary: 0, Real: 0
2024-07-29 23:00:11,274   Imaginary: 10, Real: 0
2024-07-29 23:00:11,274   Imaginary: 0, Real: 6
2024-07-29 23:00:11,274   Imaginary: 21536, Real: 2048
2024-07-29 23:00:11,274   Imaginary: 24649, Real: 1
2024-07-29 23:00:11,274   Imaginary: 21821, Real: 0
2024-07-29 23:00:11,274   Imaginary: 2, Real: 0
2024-07-29 23:00:11,274   Imaginary: 258, Real: 772
2024-07-29 23:00:11,274   Imaginary: 1286, Real: 1800
2024-07-29 23:00:11,274   Imaginary: 512, Real: 774
2024-07-29 23:00:11,274   Imaginary: 64, Real: 6
2024-07-29 23:00:11,274   Imaginary: 26691, Real: 10
2024-07-29 23:00:11,274   Imaginary: 62, Real: 0
2024-07-29 23:00:11,274   Imaginary: 11929, Real: -1793
2024-07-29 23:00:11,274   Imaginary: 2, Real: 0
2024-07-29 23:00:11,274   Imaginary: 1, Real: 0
2024-07-29 23:00:11,274   Imaginary: 0, Real: 0
2024-07-29 23:00:11,274   Imaginary: 10, Real: 0
2024-07-29 23:00:11,274   Imaginary: 0, Real: 6
2024-07-29 23:00:11,274   Imaginary: 21536, Real: 2048
2024-07-29 23:00:11,274   Imaginary: 24573, Real: 1
2024-07-29 23:00:11,274   Imaginary: 21818, Real: 0
2024-07-29 23:00:11,274   Imaginary: 2, Real: 0
2024-07-29 23:00:11,274   Imaginary: 258, Real: 772
2024-07-29 23:00:11,274   Imaginary: 1286, Real: 1800
2024-07-29 23:00:11,274   Imaginary: 512, Real: 774
2024-07-29 23:00:11,274   Imaginary: 64, Real: 6
2024-07-29 23:00:11,274   Imaginary: 26691, Real: 10
2024-07-29 23:00:11,274   Imaginary: 63, Real: 0
2024-07-29 23:00:11,274   Imaginary: 8574, Real: -1030
2024-07-29 23:00:11,274   Imaginary: 2, Real: 0
2024-07-29 23:00:11,274   Imaginary: 1, Real: 0
2024-07-29 23:00:11,274   Imaginary: 0, Real: 0
2024-07-29 23:00:11,274   Imaginary: 10, Real: 0
2024-07-29 23:00:11,274   Imaginary: 0, Real: 6
2024-07-29 23:00:11,274   Imaginary: 21536, Real: 2048
2024-07-29 23:00:11,274   Imaginary: 26514, Real: 1
2024-07-29 23:00:11,274   Imaginary: 21820, Real: 0
2024-07-29 23:00:11,274   Imaginary: 2, Real: 0
2024-07-29 23:00:11,274   Imaginary: 258, Real: 772
2024-07-29 23:00:11,274   Imaginary: 1286, Real: 1800
2024-07-29 23:00:11,274   Imaginary: 512, Real: 774
2024-07-29 23:00:11,274   Imaginary: 64, Real: 6
2024-07-29 23:00:11,274   Imaginary: 26691, Real: 10
2024-07-29 23:00:11,274   Imaginary: 64, Real: 0
2024-07-29 23:00:11,274   Imaginary: 3281, Real: -267
2024-07-29 23:00:11,274   Imaginary: 2, Real: 0
2024-07-29 23:00:11,274   Imaginary: 1, Real: 0
2024-07-29 23:00:11,274   Imaginary: 0, Real: 0
2024-07-29 23:00:11,274   Imaginary: 10, Real: 0
2024-07-29 23:00:11,274   Imaginary: 0, Real: 6
2024-07-29 23:00:11,274   Imaginary: 21536, Real: 2048
2024-07-29 23:00:11,274   Imaginary: 25942, Real: 1
2024-07-29 23:00:11,274   Imaginary: 21812, Real: 0
2024-07-29 23:00:11,274   Imaginary: 2, Real: 0
2024-07-29 23:00:11,274   Imaginary: 258, Real: 772
2024-07-29 23:00:11,274   Imaginary: 1286, Real: 1800
2024-07-29 23:00:11,274   Imaginary: 512, Real: 774
2024-07-29 23:00:11,274   Imaginary: 64, Real: 6
2024-07-29 23:00:11,274   Imaginary: 26691, Real: 10
2024-07-29 23:00:11,274   Imaginary: 65, Real: 0
2024-07-29 23:00:11,274   Imaginary: -32531, Real: 495
2024-07-29 23:00:11,274   Imaginary: 1, Real: 0
2024-07-29 23:00:11,274   Imaginary: 1, Real: 0
2024-07-29 23:00:11,274   Imaginary: 0, Real: 0
2024-07-29 23:00:11,274   Imaginary: 10, Real: 0
2024-07-29 23:00:11,274   Imaginary: 0, Real: 6
2024-07-29 23:00:11,274   Imaginary: 21536, Real: 2048
2024-07-29 23:00:11,274   Imaginary: 3776, Real: 1
2024-07-29 23:00:11,274   Imaginary: 13182, Real: 0
2024-07-29 23:00:11,274   Imaginary: 1, Real: 0
2024-07-29 23:00:11,274   Imaginary: 258, Real: 772
2024-07-29 23:00:11,274   Imaginary: 1286, Real: 1800
2024-07-29 23:00:11,274   Imaginary: 512, Real: 774
2024-07-29 23:00:11,274   Imaginary: 64, Real: 6
2024-07-29 23:00:11,290   Imaginary: 26691, Real: 10
2024-07-29 23:00:11,290   Imaginary: 66, Real: 0
2024-07-29 23:00:11,290   Imaginary: 31070, Real: 1258
2024-07-29 23:00:11,290   Imaginary: 1, Real: 0
2024-07-29 23:00:11,290   Imaginary: 1, Real: 0
2024-07-29 23:00:11,290   Imaginary: 0, Real: 0
2024-07-29 23:00:11,290   Imaginary: 10, Real: 0
2024-07-29 23:00:11,290   Imaginary: 0, Real: 6
2024-07-29 23:00:11,290   Imaginary: 18895, Real: -1942
2024-07-29 23:00:11,290   Imaginary: -14000, Real: 14876
2024-07-29 23:00:11,290   Imaginary: -18587, Real: -17841
2024-07-29 23:00:11,290   Imaginary: -26884, Real: 14933
2024-07-29 23:00:11,290   Imaginary: 258, Real: 772
2024-07-29 23:00:11,290   Imaginary: 1286, Real: 1800
2024-07-29 23:00:11,290   Imaginary: 512, Real: 774
2024-07-29 23:00:11,290   Imaginary: 64, Real: 6
2024-07-29 23:00:11,290   Imaginary: 26691, Real: 10
2024-07-29 23:00:11,290   Imaginary: 67, Real: 0
2024-07-29 23:00:11,290   Imaginary: 30336, Real: 2021
2024-07-29 23:00:11,290   Imaginary: 1, Real: 0
2024-07-29 23:00:11,290   Imaginary: 1, Real: 0
2024-07-29 23:00:11,290   Imaginary: 0, Real: 0
2024-07-29 23:00:11,290   Imaginary: 10, Real: 0
2024-07-29 23:00:11,290   Imaginary: 0, Real: 6
2024-07-29 23:00:11,290   Imaginary: 21536, Real: 2048
2024-07-29 23:00:11,290   Imaginary: 5755, Real: 1
2024-07-29 23:00:11,290   Imaginary: 13186, Real: 0
2024-07-29 23:00:11,290   Imaginary: 1, Real: 0
2024-07-29 23:00:11,290   Imaginary: 258, Real: 772
2024-07-29 23:00:11,290   Imaginary: 1286, Real: 1800
2024-07-29 23:00:11,290   Imaginary: 512, Real: 774
2024-07-29 23:00:11,290   Imaginary: 64, Real: 6
2024-07-29 23:00:11,290   Imaginary: 26691, Real: 10
2024-07-29 23:00:11,290   Imaginary: 68, Real: 0
2024-07-29 23:00:11,290   Imaginary: 22904, Real: 2784
2024-07-29 23:00:11,290   Imaginary: 1, Real: 0
2024-07-29 23:00:11,290   Imaginary: 1, Real: 0
2024-07-29 23:00:11,290   Imaginary: 0, Real: 0
2024-07-29 23:00:11,290   Imaginary: 10, Real: 0
2024-07-29 23:00:11,291   Imaginary: 0, Real: 6
2024-07-29 23:00:11,291   Imaginary: -18587, Real: -17841
2024-07-29 23:00:11,291   Imaginary: -26884, Real: -17835
2024-07-29 23:00:11,291   Imaginary: 0, Real: 0
2024-07-29 23:00:11,291   Imaginary: 0, Real: 16368
2024-07-29 23:00:11,291   Imaginary: 258, Real: 772
2024-07-29 23:00:11,291   Imaginary: 1286, Real: 1800
2024-07-29 23:00:11,291   Imaginary: 512, Real: 774
2024-07-29 23:00:11,291   Imaginary: 64, Real: 6
2024-07-29 23:00:11,291   Imaginary: 26691, Real: 10
2024-07-29 23:00:11,291   Imaginary: 69, Real: 0
2024-07-29 23:00:11,291   Imaginary: 23322, Real: 3548
2024-07-29 23:00:11,291   Imaginary: 4, Real: 0
2024-07-29 23:00:11,291   Imaginary: 1, Real: 0
2024-07-29 23:00:11,291   Imaginary: 0, Real: 0
2024-07-29 23:00:11,291   Imaginary: 10, Real: 0
2024-07-29 23:00:11,291   Imaginary: 0, Real: 6
2024-07-29 23:00:11,291   Imaginary: 21536, Real: 2048
2024-07-29 23:00:11,291   Imaginary: -7718, Real: 1
2024-07-29 23:00:11,291   Imaginary: 29644, Real: 0
2024-07-29 23:00:11,291   Imaginary: 4, Real: 0
2024-07-29 23:00:11,291   Imaginary: 258, Real: 772
2024-07-29 23:00:11,291   Imaginary: 1286, Real: 1800
2024-07-29 23:00:11,291   Imaginary: 512, Real: 774
2024-07-29 23:00:11,292   Imaginary: 64, Real: 6
2024-07-29 23:00:11,292   Imaginary: 26691, Real: 10
2024-07-29 23:00:11,292   Imaginary: 70, Real: 0
2024-07-29 23:00:11,292   Imaginary: -8201, Real: 4310
2024-07-29 23:00:11,292   Imaginary: 3, Real: 0
2024-07-29 23:00:11,292   Imaginary: 1, Real: 0
2024-07-29 23:00:11,292   Imaginary: 0, Real: 0
2024-07-29 23:00:11,292   Imaginary: 10, Real: 0
2024-07-29 23:00:11,292   Imaginary: 0, Real: 6
2024-07-29 23:00:11,292   Imaginary: 21536, Real: 2048
2024-07-29 23:00:11,292   Imaginary: -26049, Real: 1
2024-07-29 23:00:11,292   Imaginary: 21034, Real: 0
2024-07-29 23:00:11,292   Imaginary: 3, Real: 0
2024-07-29 23:00:11,292   Imaginary: 258, Real: 772
2024-07-29 23:00:11,292   Imaginary: 1286, Real: 1800
2024-07-29 23:00:11,292   Imaginary: 512, Real: 774
2024-07-29 23:00:11,292   Imaginary: 64, Real: 6
2024-07-29 23:00:11,292   Imaginary: 26691, Real: 10
2024-07-29 23:00:11,292   Imaginary: 71, Real: 0
2024-07-29 23:00:11,292   Imaginary: -24992, Real: 5073
2024-07-29 23:00:11,292   Imaginary: 2, Real: 0
2024-07-29 23:00:11,292   Imaginary: 1, Real: 0
2024-07-29 23:00:11,292   Imaginary: 0, Real: 0
2024-07-29 23:00:11,292   Imaginary: 10, Real: 0
2024-07-29 23:00:11,292   Imaginary: 0, Real: 6
2024-07-29 23:00:11,292   Imaginary: 21536, Real: 2048
2024-07-29 23:00:11,292   Imaginary: 27315, Real: 1
2024-07-29 23:00:11,292   Imaginary: 21020, Real: 0
2024-07-29 23:00:11,292   Imaginary: 2, Real: 0
2024-07-29 23:00:11,292   Imaginary: 258, Real: 772
2024-07-29 23:00:11,292   Imaginary: 1286, Real: 1800
2024-07-29 23:00:11,292   Imaginary: 512, Real: 774
2024-07-29 23:00:11,292   Imaginary: 64, Real: 6
2024-07-29 23:00:11,292   Imaginary: 26691, Real: 10
2024-07-29 23:00:11,292   Imaginary: 72, Real: 0
2024-07-29 23:00:11,292   Imaginary: 5741, Real: 5836
2024-07-29 23:00:11,292   Imaginary: 1, Real: 0
2024-07-29 23:00:11,292   Imaginary: 1, Real: 0
2024-07-29 23:00:11,292   Imaginary: 0, Real: 0
2024-07-29 23:00:11,292   Imaginary: 10, Real: 0
2024-07-29 23:00:11,292   Imaginary: 0, Real: 6
2024-07-29 23:00:11,292   Imaginary: 21536, Real: 2048
2024-07-29 23:00:11,292   Imaginary: 3979, Real: 1
2024-07-29 23:00:11,292   Imaginary: 13182, Real: 0
2024-07-29 23:00:11,292   Imaginary: 1, Real: 0
2024-07-29 23:00:11,292   Imaginary: 258, Real: 772
2024-07-29 23:00:11,292   Imaginary: 1286, Real: 1800
2024-07-29 23:00:11,292   Imaginary: 512, Real: 774
2024-07-29 23:00:11,292   Imaginary: 64, Real: 6
2024-07-29 23:00:11,292   Imaginary: 26691, Real: 10
2024-07-29 23:00:11,292   Imaginary: 73, Real: 0
2024-07-29 23:00:11,292   Imaginary: 1319, Real: 6599
2024-07-29 23:00:11,292   Imaginary: 1, Real: 0
2024-07-29 23:00:11,292   Imaginary: 1, Real: 0
2024-07-29 23:00:11,292   Imaginary: 0, Real: 0
2024-07-29 23:00:11,292   Imaginary: 10, Real: 0
2024-07-29 23:00:11,292   Imaginary: 0, Real: 6
2024-07-29 23:00:11,292   Imaginary: 21536, Real: 2048
2024-07-29 23:00:11,292   Imaginary: 4137, Real: 1
2024-07-29 23:00:11,294   Imaginary: 13182, Real: 0
2024-07-29 23:00:11,294   Imaginary: 1, Real: 0
2024-07-29 23:00:11,294   Imaginary: 258, Real: 772
2024-07-29 23:00:11,294   Imaginary: 1286, Real: 1800
2024-07-29 23:00:11,294   Imaginary: 512, Real: 774
2024-07-29 23:00:11,294   Imaginary: 64, Real: 6
2024-07-29 23:00:11,294   Imaginary: 26691, Real: 10
2024-07-29 23:00:11,295   Imaginary: 74, Real: 0
2024-07-29 23:00:11,295   Imaginary: -2191, Real: 7361
2024-07-29 23:00:11,295   Imaginary: 1, Real: 0
2024-07-29 23:00:11,295   Imaginary: 1, Real: 0
2024-07-29 23:00:11,295   Imaginary: 0, Real: 0
2024-07-29 23:00:11,295   Imaginary: 10, Real: 0
2024-07-29 23:00:11,295   Imaginary: 0, Real: 6
2024-07-29 23:00:11,295   Imaginary: 21536, Real: 2048
2024-07-29 23:00:11,295   Imaginary: 4172, Real: 1
2024-07-29 23:00:11,295   Imaginary: 13186, Real: 0
2024-07-29 23:00:11,295   Imaginary: 1, Real: 0
2024-07-29 23:00:11,295   Imaginary: 258, Real: 772
2024-07-29 23:00:11,295   Imaginary: 1286, Real: 1800
2024-07-29 23:00:11,295   Imaginary: 512, Real: 774
2024-07-29 23:00:11,295   Imaginary: 64, Real: 6
2024-07-29 23:00:11,295   Imaginary: 26691, Real: 10
2024-07-29 23:00:11,295   Imaginary: 75, Real: 0
2024-07-29 23:00:11,295   Imaginary: -3885, Real: 8124
2024-07-29 23:00:11,295   Imaginary: 1, Real: 0
2024-07-29 23:00:11,295   Imaginary: 1, Real: 0
2024-07-29 23:00:11,295   Imaginary: 0, Real: 0
2024-07-29 23:00:11,295   Imaginary: 10, Real: 0
2024-07-29 23:00:11,295   Imaginary: 0, Real: 6
2024-07-29 23:00:11,295   Imaginary: 21536, Real: 2048
2024-07-29 23:00:11,295   Imaginary: 5009, Real: 1
2024-07-29 23:00:11,295   Imaginary: 13182, Real: 0
2024-07-29 23:00:11,295   Imaginary: 1, Real: 0
2024-07-29 23:00:11,295   Imaginary: 258, Real: 772
2024-07-29 23:00:11,295   Imaginary: 1286, Real: 1800
2024-07-29 23:00:11,296   Imaginary: 512, Real: 774
2024-07-29 23:00:11,296   Imaginary: 64, Real: 6
2024-07-29 23:00:11,296   Imaginary: 26691, Real: 10
2024-07-29 23:00:11,296   Imaginary: 76, Real: 0
2024-07-29 23:00:11,296   Imaginary: 16865, Real: 8888
2024-07-29 23:00:11,296   Imaginary: 2, Real: 0
2024-07-29 23:00:11,296   Imaginary: 1, Real: 0
2024-07-29 23:00:11,296   Imaginary: 0, Real: 0
2024-07-29 23:00:11,296   Imaginary: 10, Real: 0
2024-07-29 23:00:11,296   Imaginary: 0, Real: 6
2024-07-29 23:00:11,296   Imaginary: 21536, Real: 2048
2024-07-29 23:00:11,296   Imaginary: 22874, Real: 1
2024-07-29 23:00:11,296   Imaginary: 21015, Real: 0
2024-07-29 23:00:11,296   Imaginary: 2, Real: 0
2024-07-29 23:00:11,296   Imaginary: 258, Real: 772
2024-07-29 23:00:11,296   Imaginary: 1286, Real: 1800
2024-07-29 23:00:11,296   Imaginary: 512, Real: 774
2024-07-29 23:00:11,296   Imaginary: 64, Real: 6
2024-07-29 23:00:11,296   Imaginary: 26691, Real: 10
2024-07-29 23:00:11,296   Imaginary: 77, Real: 0
2024-07-29 23:00:11,296   Imaginary: -14733, Real: 9650
2024-07-29 23:00:11,296   Imaginary: 1, Real: 0
2024-07-29 23:00:11,296   Imaginary: 1, Real: 0
2024-07-29 23:00:11,296   Imaginary: 0, Real: 0
2024-07-29 23:00:11,296   Imaginary: 10, Real: 0
2024-07-29 23:00:11,296   Imaginary: 0, Real: 6
2024-07-29 23:00:11,296   Imaginary: 21536, Real: 2048
2024-07-29 23:00:11,296   Imaginary: 3844, Real: 1
2024-07-29 23:00:11,296   Imaginary: 13182, Real: 0
2024-07-29 23:00:11,296   Imaginary: 1, Real: 0
2024-07-29 23:00:11,296   Imaginary: 258, Real: 772
2024-07-29 23:00:11,296   Imaginary: 1286, Real: 1800
2024-07-29 23:00:11,296   Imaginary: 512, Real: 774
2024-07-29 23:00:11,296   Imaginary: 64, Real: 6
2024-07-29 23:00:11,296   Imaginary: 26691, Real: 10
2024-07-29 23:00:11,296   Imaginary: 78, Real: 0
2024-07-29 23:00:11,296   Imaginary: -18347, Real: 10413
2024-07-29 23:00:11,296   Imaginary: 1, Real: 0
2024-07-29 23:00:11,296   Imaginary: 1, Real: 0
2024-07-29 23:00:11,296   Imaginary: 0, Real: 0
2024-07-29 23:00:11,296   Imaginary: 10, Real: 0
2024-07-29 23:00:11,296   Imaginary: 0, Real: 6
2024-07-29 23:00:11,296   Imaginary: 21536, Real: 2048
2024-07-29 23:00:11,296   Imaginary: 4192, Real: 1
2024-07-29 23:00:11,296   Imaginary: 13186, Real: 0
2024-07-29 23:00:11,296   Imaginary: 1, Real: 0
2024-07-29 23:00:11,296   Imaginary: 258, Real: 772
2024-07-29 23:00:11,296   Imaginary: 1286, Real: 1800
2024-07-29 23:00:11,296   Imaginary: 512, Real: 774
2024-07-29 23:00:11,296   Imaginary: 64, Real: 6
2024-07-29 23:00:11,296   Imaginary: 26691, Real: 10
2024-07-29 23:00:11,296   Imaginary: 79, Real: 0
2024-07-29 23:00:11,296   Imaginary: -22791, Real: 11176
2024-07-29 23:00:11,296   Imaginary: 1, Real: 0
2024-07-29 23:00:11,296   Imaginary: 1, Real: 0
2024-07-29 23:00:11,296   Imaginary: 0, Real: 0
2024-07-29 23:00:11,296   Imaginary: 10, Real: 0
2024-07-29 23:00:11,296   Imaginary: 0, Real: 6
2024-07-29 23:00:11,296   Imaginary: 21536, Real: 2048
2024-07-29 23:00:11,296   Imaginary: 3924, Real: 1
2024-07-29 23:00:11,296   Imaginary: 13182, Real: 0
2024-07-29 23:00:11,296   Imaginary: 1, Real: 0
2024-07-29 23:00:11,296   Imaginary: 258, Real: 772
2024-07-29 23:00:11,296   Imaginary: 1286, Real: 1800
2024-07-29 23:00:11,296   Imaginary: 512, Real: 774
2024-07-29 23:00:11,296   Imaginary: 64, Real: 6
2024-07-29 23:00:11,296   Imaginary: 26691, Real: 10
2024-07-29 23:00:11,296   Imaginary: 80, Real: 0
2024-07-29 23:00:11,296   Imaginary: -24626, Real: 11939
2024-07-29 23:00:11,296   Imaginary: 1, Real: 0
2024-07-29 23:00:11,296   Imaginary: 1, Real: 0
2024-07-29 23:00:11,296   Imaginary: 0, Real: 0
2024-07-29 23:00:11,296   Imaginary: 10, Real: 0
2024-07-29 23:00:11,296   Imaginary: 0, Real: 6
2024-07-29 23:00:11,296   Imaginary: 18895, Real: -1942
2024-07-29 23:00:11,296   Imaginary: -14000, Real: 14876
2024-07-29 23:00:11,296   Imaginary: -18587, Real: -17841
2024-07-29 23:00:11,296   Imaginary: -26884, Real: 14933
2024-07-29 23:00:11,296   Imaginary: 258, Real: 772
2024-07-29 23:00:11,296   Imaginary: 1286, Real: 1800
2024-07-29 23:00:11,296   Imaginary: 512, Real: 774
2024-07-29 23:00:11,296   Imaginary: 64, Real: 6
2024-07-29 23:00:11,296   Imaginary: 26691, Real: 10
2024-07-29 23:00:11,296   Imaginary: 81, Real: 0
2024-07-29 23:00:11,296   Imaginary: -29913, Real: 12702
2024-07-29 23:00:11,296   Imaginary: 1, Real: 0
2024-07-29 23:00:11,296   Imaginary: 1, Real: 0
2024-07-29 23:00:11,296   Imaginary: 0, Real: 0
2024-07-29 23:00:11,296   Imaginary: 10, Real: 0
2024-07-29 23:00:11,296   Imaginary: 0, Real: 6
2024-07-29 23:00:11,296   Imaginary: 21536, Real: 2048
2024-07-29 23:00:11,296   Imaginary: 4656, Real: 1
2024-07-29 23:00:11,296   Imaginary: 13173, Real: 0
2024-07-29 23:00:11,296   Imaginary: 1, Real: 0
2024-07-29 23:00:11,296   Imaginary: 258, Real: 772
2024-07-29 23:00:11,296   Imaginary: 1286, Real: 1800
2024-07-29 23:00:11,296   Imaginary: 512, Real: 774
2024-07-29 23:00:11,296   Imaginary: 64, Real: 6
2024-07-29 23:00:11,296   Imaginary: 26691, Real: 10
2024-07-29 23:00:11,296   Imaginary: 82, Real: 0
2024-07-29 23:00:11,296   Imaginary: 31425, Real: 13465
2024-07-29 23:00:11,296   Imaginary: 1, Real: 0
2024-07-29 23:00:11,296   Imaginary: 1, Real: 0
2024-07-29 23:00:11,296   Imaginary: 0, Real: 0
2024-07-29 23:00:11,296   Imaginary: 10, Real: 0
2024-07-29 23:00:11,296   Imaginary: 0, Real: 6
2024-07-29 23:00:11,296   Imaginary: 21536, Real: 2048
2024-07-29 23:00:11,296   Imaginary: 4495, Real: 1
2024-07-29 23:00:11,296   Imaginary: 13182, Real: 0
2024-07-29 23:00:11,296   Imaginary: 1, Real: 0
2024-07-29 23:00:11,296   Imaginary: 258, Real: 772
2024-07-29 23:00:11,296   Imaginary: 1286, Real: 1800
2024-07-29 23:00:11,296   Imaginary: 512, Real: 774
2024-07-29 23:00:11,296   Imaginary: 64, Real: 6
2024-07-29 23:00:11,296   Imaginary: 26691, Real: 10
2024-07-29 23:00:11,296   Imaginary: 83, Real: 0
2024-07-29 23:00:11,296   Imaginary: 27452, Real: 14228
2024-07-29 23:00:11,296   Imaginary: 1, Real: 0
2024-07-29 23:00:11,296   Imaginary: 1, Real: 0
2024-07-29 23:00:11,296   Imaginary: 0, Real: 0
2024-07-29 23:00:11,296   Imaginary: 10, Real: 0
2024-07-29 23:00:11,296   Imaginary: 0, Real: 6
2024-07-29 23:00:11,296   Imaginary: 21536, Real: 2048
2024-07-29 23:00:11,296   Imaginary: 4403, Real: 1
2024-07-29 23:00:11,296   Imaginary: 13182, Real: 0
2024-07-29 23:00:11,296   Imaginary: 1, Real: 0
2024-07-29 23:00:11,296   Imaginary: 258, Real: 772
2024-07-29 23:00:11,296   Imaginary: 1286, Real: 1800
2024-07-29 23:00:11,296   Imaginary: 512, Real: 774
2024-07-29 23:00:11,296   Imaginary: 64, Real: 6
2024-07-29 23:00:11,296   Imaginary: 26691, Real: 10
2024-07-29 23:00:11,296   Imaginary: 84, Real: 0
2024-07-29 23:00:11,296   Imaginary: 23346, Real: 14991
2024-07-29 23:00:11,296   Imaginary: 1, Real: 0
2024-07-29 23:00:11,296   Imaginary: 1, Real: 0
2024-07-29 23:00:11,296   Imaginary: 0, Real: 0
2024-07-29 23:00:11,296   Imaginary: 10, Real: 0
2024-07-29 23:00:11,296   Imaginary: 0, Real: 6
2024-07-29 23:00:11,296   Imaginary: 21536, Real: 2048
2024-07-29 23:00:11,296   Imaginary: 4485, Real: 1
2024-07-29 23:00:11,296   Imaginary: 13182, Real: 0
2024-07-29 23:00:11,296   Imaginary: 1, Real: 0
2024-07-29 23:00:11,296   Imaginary: 258, Real: 772
2024-07-29 23:00:11,296   Imaginary: 1286, Real: 1800
2024-07-29 23:00:11,296   Imaginary: 512, Real: 774
2024-07-29 23:00:11,296   Imaginary: 64, Real: 6
2024-07-29 23:00:11,296   Imaginary: 26691, Real: 10
2024-07-29 23:00:11,296   Imaginary: 85, Real: 0
2024-07-29 23:00:11,296   Imaginary: 19615, Real: 15754
2024-07-29 23:00:11,296   Imaginary: 1, Real: 0
2024-07-29 23:00:11,296   Imaginary: 1, Real: 0
2024-07-29 23:00:11,296   Imaginary: 0, Real: 0
2024-07-29 23:00:11,296   Imaginary: 10, Real: 0
2024-07-29 23:00:11,296   Imaginary: 0, Real: 6
2024-07-29 23:00:11,296   Imaginary: 21536, Real: 2048
2024-07-29 23:00:11,296   Imaginary: 4598, Real: 1
2024-07-29 23:00:11,296   Imaginary: 13186, Real: 0
2024-07-29 23:00:11,296   Imaginary: 1, Real: 0
2024-07-29 23:00:11,296   Imaginary: 258, Real: 772
2024-07-29 23:00:11,296   Imaginary: 1286, Real: 1800
2024-07-29 23:00:11,296   Imaginary: 512, Real: 774
2024-07-29 23:00:11,296   Imaginary: 64, Real: 6
2024-07-29 23:00:11,296   Imaginary: 26691, Real: 10
2024-07-29 23:00:11,296   Imaginary: 86, Real: 0
2024-07-29 23:00:11,296   Imaginary: 15287, Real: 16517
2024-07-29 23:00:11,296   Imaginary: 1, Real: 0
2024-07-29 23:00:11,296   Imaginary: 1, Real: 0
2024-07-29 23:00:11,296   Imaginary: 0, Real: 0
2024-07-29 23:00:11,296   Imaginary: 10, Real: 0
2024-07-29 23:00:11,296   Imaginary: 0, Real: 6
2024-07-29 23:00:11,296   Imaginary: 21536, Real: 2048
2024-07-29 23:00:11,296   Imaginary: 4363, Real: 1
2024-07-29 23:00:11,296   Imaginary: 13173, Real: 0
2024-07-29 23:00:11,296   Imaginary: 1, Real: 0
2024-07-29 23:00:11,296   Imaginary: 258, Real: 772
2024-07-29 23:00:11,296   Imaginary: 1286, Real: 1800
2024-07-29 23:00:11,296   Imaginary: 512, Real: 774
2024-07-29 23:00:11,296   Imaginary: 64, Real: 6
2024-07-29 23:00:11,296   Imaginary: 26691, Real: 10
2024-07-29 23:00:11,296   Imaginary: 87, Real: 0
2024-07-29 23:00:11,296   Imaginary: 11397, Real: 17280
2024-07-29 23:00:11,296   Imaginary: 1, Real: 0
2024-07-29 23:00:11,296   Imaginary: 1, Real: 0
2024-07-29 23:00:11,296   Imaginary: 0, Real: 0
2024-07-29 23:00:11,296   Imaginary: 10, Real: 0
2024-07-29 23:00:11,296   Imaginary: 0, Real: 6
2024-07-29 23:00:11,296   Imaginary: 21536, Real: 2048
2024-07-29 23:00:11,296   Imaginary: 4316, Real: 1
2024-07-29 23:00:11,296   Imaginary: 13186, Real: 0
2024-07-29 23:00:11,296   Imaginary: 1, Real: 0
2024-07-29 23:00:11,296   Imaginary: 258, Real: 772
2024-07-29 23:00:11,296   Imaginary: 1286, Real: 1800
2024-07-29 23:00:11,296   Imaginary: 512, Real: 774
2024-07-29 23:00:11,296   Imaginary: 64, Real: 6
2024-07-29 23:00:11,296   Imaginary: 26691, Real: 10
2024-07-29 23:00:11,296   Imaginary: 88, Real: 0
2024-07-29 23:00:11,296   Imaginary: 7451, Real: 18043
2024-07-29 23:00:11,296   Imaginary: 1, Real: 0
2024-07-29 23:00:11,296   Imaginary: 1, Real: 0
2024-07-29 23:00:11,296   Imaginary: 0, Real: 0
2024-07-29 23:00:11,296   Imaginary: 10, Real: 0
2024-07-29 23:00:11,296   Imaginary: 0, Real: 6
2024-07-29 23:00:11,296   Imaginary: 21536, Real: 2048
2024-07-29 23:00:11,296   Imaginary: 4338, Real: 1
2024-07-29 23:00:11,296   Imaginary: 13186, Real: 0
2024-07-29 23:00:11,296   Imaginary: 1, Real: 0
2024-07-29 23:00:11,296   Imaginary: 258, Real: 772
2024-07-29 23:00:11,296   Imaginary: 1286, Real: 1800
2024-07-29 23:00:11,296   Imaginary: 512, Real: 774
2024-07-29 23:00:11,296   Imaginary: 64, Real: 6
2024-07-29 23:00:11,296   Imaginary: 26691, Real: 10
2024-07-29 23:00:11,296   Imaginary: 89, Real: 0
2024-07-29 23:00:11,296   Imaginary: 3866, Real: 18806
2024-07-29 23:00:11,296   Imaginary: 1, Real: 0
2024-07-29 23:00:11,296   Imaginary: 1, Real: 0
2024-07-29 23:00:11,296   Imaginary: 0, Real: 0
2024-07-29 23:00:11,296   Imaginary: 10, Real: 0
2024-07-29 23:00:11,296   Imaginary: 0, Real: 6
2024-07-29 23:00:11,296   Imaginary: 21536, Real: 2048
2024-07-29 23:00:11,296   Imaginary: 4308, Real: 1
2024-07-29 23:00:11,296   Imaginary: 13186, Real: 0
2024-07-29 23:00:11,296   Imaginary: 1, Real: 0
2024-07-29 23:00:11,296   Imaginary: 258, Real: 772
2024-07-29 23:00:11,296   Imaginary: 1286, Real: 1800
2024-07-29 23:00:11,296   Imaginary: 512, Real: 774
2024-07-29 23:00:11,296   Imaginary: 64, Real: 6
2024-07-29 23:00:11,296   Imaginary: 26691, Real: 10
2024-07-29 23:00:11,296   Imaginary: 90, Real: 0
2024-07-29 23:00:11,296   Imaginary: -156, Real: 19568
2024-07-29 23:00:11,296   Imaginary: 1, Real: 0
2024-07-29 23:00:11,296   Imaginary: 1, Real: 0
2024-07-29 23:00:11,296   Imaginary: 0, Real: 0
2024-07-29 23:00:11,296   Imaginary: 10, Real: 0
2024-07-29 23:00:11,296   Imaginary: 0, Real: 6
2024-07-29 23:00:11,296   Imaginary: 21536, Real: 2048
2024-07-29 23:00:11,296   Imaginary: 4228, Real: 1
2024-07-29 23:00:11,296   Imaginary: 13182, Real: 0
2024-07-29 23:00:11,296   Imaginary: 1, Real: 0
2024-07-29 23:00:11,296   Imaginary: 258, Real: 772
2024-07-29 23:00:11,296   Imaginary: 1286, Real: 1800
2024-07-29 23:00:11,296   Imaginary: 512, Real: 774
2024-07-29 23:00:11,296   Imaginary: 64, Real: 6
2024-07-29 23:00:11,296   Imaginary: 26691, Real: 10
2024-07-29 23:00:11,296   Imaginary: 91, Real: 0
2024-07-29 23:00:11,296   Imaginary: -4304, Real: 20331
2024-07-29 23:00:11,296   Imaginary: 1, Real: 0
2024-07-29 23:00:11,296   Imaginary: 1, Real: 0
2024-07-29 23:00:11,296   Imaginary: 0, Real: 0
2024-07-29 23:00:11,296   Imaginary: 10, Real: 0
2024-07-29 23:00:11,296   Imaginary: 0, Real: 6
2024-07-29 23:00:11,296   Imaginary: 21536, Real: 2048
2024-07-29 23:00:11,296   Imaginary: 4424, Real: 1
2024-07-29 23:00:11,296   Imaginary: 13173, Real: 0
2024-07-29 23:00:11,296   Imaginary: 1, Real: 0
2024-07-29 23:00:11,296   Imaginary: 258, Real: 772
2024-07-29 23:00:11,296   Imaginary: 1286, Real: 1800
2024-07-29 23:00:11,296   Imaginary: 512, Real: 774
2024-07-29 23:00:11,296   Imaginary: 64, Real: 6
2024-07-29 23:00:11,296   Imaginary: 26691, Real: 10
2024-07-29 23:00:11,305   Imaginary: 92, Real: 0
2024-07-29 23:00:11,305   Imaginary: -8338, Real: 21094
2024-07-29 23:00:11,305   Imaginary: 1, Real: 0
2024-07-29 23:00:11,305   Imaginary: 1, Real: 0
2024-07-29 23:00:11,305   Imaginary: 0, Real: 0
2024-07-29 23:00:11,305   Imaginary: 10, Real: 0
2024-07-29 23:00:11,305   Imaginary: 0, Real: 6
2024-07-29 23:00:11,305   Imaginary: 21536, Real: 2048
2024-07-29 23:00:11,305   Imaginary: 4432, Real: 1
2024-07-29 23:00:11,305   Imaginary: 13182, Real: 0
2024-07-29 23:00:11,305   Imaginary: 1, Real: 0
2024-07-29 23:00:11,305   Imaginary: 258, Real: 772
2024-07-29 23:00:11,305   Imaginary: 1286, Real: 1800
2024-07-29 23:00:11,305   Imaginary: 512, Real: 774
2024-07-29 23:00:11,305   Imaginary: 64, Real: 6
2024-07-29 23:00:11,305   Imaginary: 26691, Real: 10
2024-07-29 23:00:11,305   Imaginary: 93, Real: 0
2024-07-29 23:00:11,305   Imaginary: -12787, Real: 21857
2024-07-29 23:00:11,305   Imaginary: 1, Real: 0
2024-07-29 23:00:11,305   Imaginary: 1, Real: 0
2024-07-29 23:00:11,305   Imaginary: 0, Real: 0
2024-07-29 23:00:11,305   Imaginary: 10, Real: 0
2024-07-29 23:00:11,305   Imaginary: 0, Real: 6
2024-07-29 23:00:11,305   Imaginary: 21536, Real: 2048
2024-07-29 23:00:11,305   Imaginary: 4046, Real: 1
2024-07-29 23:00:11,305   Imaginary: 13182, Real: 0
2024-07-29 23:00:11,305   Imaginary: 1, Real: 0
2024-07-29 23:00:11,305   Imaginary: 258, Real: 772
2024-07-29 23:00:11,306   Imaginary: 1286, Real: 1800
2024-07-29 23:00:11,306   Imaginary: 512, Real: 774
2024-07-29 23:00:11,306   Imaginary: 64, Real: 6
2024-07-29 23:00:11,306   Imaginary: 26691, Real: 10
2024-07-29 23:00:11,306   Imaginary: 94, Real: 0
2024-07-29 23:00:11,306   Imaginary: -16467, Real: 22620
2024-07-29 23:00:11,306   Imaginary: 1, Real: 0
2024-07-29 23:00:11,306   Imaginary: 1, Real: 0
2024-07-29 23:00:11,306   Imaginary: 0, Real: 0
2024-07-29 23:00:11,306   Imaginary: 10, Real: 0
2024-07-29 23:00:11,306   Imaginary: 0, Real: 6
2024-07-29 23:00:11,306   Imaginary: 21536, Real: 2048
2024-07-29 23:00:11,306   Imaginary: 4228, Real: 1
2024-07-29 23:00:11,306   Imaginary: 13186, Real: 0
2024-07-29 23:00:11,306   Imaginary: 1, Real: 0
2024-07-29 23:00:11,306   Imaginary: 258, Real: 772
2024-07-29 23:00:11,306   Imaginary: 1286, Real: 1800
2024-07-29 23:00:11,307   Imaginary: 512, Real: 774
2024-07-29 23:00:11,307   Imaginary: 64, Real: 6
2024-07-29 23:00:11,307   Imaginary: 26691, Real: 10
2024-07-29 23:00:11,307   Imaginary: 95, Real: 0
2024-07-29 23:00:11,307   Imaginary: -20585, Real: 23383
2024-07-29 23:00:11,307   Imaginary: 1, Real: 0
2024-07-29 23:00:11,307   Imaginary: 1, Real: 0
2024-07-29 23:00:11,307   Imaginary: 0, Real: 0
2024-07-29 23:00:11,307   Imaginary: 10, Real: 0
2024-07-29 23:00:11,307   Imaginary: 0, Real: 6
2024-07-29 23:00:11,307   Imaginary: 21536, Real: 2048
2024-07-29 23:00:11,307   Imaginary: 4175, Real: 1
2024-07-29 23:00:11,307   Imaginary: 13186, Real: 0
2024-07-29 23:00:11,307   Imaginary: 1, Real: 0
2024-07-29 23:00:11,307   Imaginary: 258, Real: 772
2024-07-29 23:00:11,307   Imaginary: 1286, Real: 1800
2024-07-29 23:00:11,307   Imaginary: 512, Real: 774
2024-07-29 23:00:11,307   Imaginary: 64, Real: 6
2024-07-29 23:00:11,307   Imaginary: 26691, Real: 10
2024-07-29 23:00:11,307   Imaginary: 96, Real: 0
2024-07-29 23:00:11,307   Imaginary: -23914, Real: 24146
2024-07-29 23:00:11,307   Imaginary: 1, Real: 0
2024-07-29 23:00:11,307   Imaginary: 1, Real: 0
2024-07-29 23:00:11,307   Imaginary: 0, Real: 0
2024-07-29 23:00:11,307   Imaginary: 10, Real: 0
2024-07-29 23:00:11,307   Imaginary: 0, Real: 6
2024-07-29 23:00:11,308   Imaginary: 21536, Real: 2048
2024-07-29 23:00:11,308   Imaginary: 4217, Real: 1
2024-07-29 23:00:11,308   Imaginary: 13173, Real: 0
2024-07-29 23:00:11,308   Imaginary: 1, Real: 0
2024-07-29 23:00:11,308   Imaginary: 258, Real: 772
2024-07-29 23:00:11,308   Imaginary: 1286, Real: 1800
2024-07-29 23:00:11,308   Imaginary: 512, Real: 774
2024-07-29 23:00:11,308   Imaginary: 64, Real: 6
2024-07-29 23:00:11,308   Imaginary: 26691, Real: 10
2024-07-29 23:00:11,308   Imaginary: 97, Real: 0
2024-07-29 23:00:11,308   Imaginary: -28173, Real: 24909
2024-07-29 23:00:11,308   Imaginary: 1, Real: 0
2024-07-29 23:00:11,308   Imaginary: 1, Real: 0
2024-07-29 23:00:11,308   Imaginary: 0, Real: 0
2024-07-29 23:00:11,308   Imaginary: 10, Real: 0
2024-07-29 23:00:11,308   Imaginary: 0, Real: 6
2024-07-29 23:00:11,308   Imaginary: 21536, Real: 2048
2024-07-29 23:00:11,308   Imaginary: 4329, Real: 1
2024-07-29 23:00:11,308   Imaginary: 13182, Real: 0
2024-07-29 23:00:11,308   Imaginary: 1, Real: 0
2024-07-29 23:00:11,308   Imaginary: 258, Real: 772
2024-07-29 23:00:11,308   Imaginary: 1286, Real: 1800
2024-07-29 23:00:11,308   Imaginary: 512, Real: 774
2024-07-29 23:00:11,308   Imaginary: 64, Real: 6
2024-07-29 23:00:11,308   Imaginary: 26691, Real: 10
2024-07-29 23:00:11,308   Imaginary: 98, Real: 0
2024-07-29 23:00:11,308   Imaginary: -32452, Real: 25672
2024-07-29 23:00:11,308   Imaginary: 1, Real: 0
2024-07-29 23:00:11,309   Imaginary: 1, Real: 0
2024-07-29 23:00:11,309   Imaginary: 0, Real: 0
2024-07-29 23:00:11,309   Imaginary: 10, Real: 0
2024-07-29 23:00:11,309   Imaginary: 0, Real: 6
2024-07-29 23:00:11,309   Imaginary: 21536, Real: 2048
2024-07-29 23:00:11,309   Imaginary: 4323, Real: 1
2024-07-29 23:00:11,309   Imaginary: 13182, Real: 0
2024-07-29 23:00:11,309   Imaginary: 1, Real: 0
2024-07-29 23:00:11,309   Imaginary: 258, Real: 772
2024-07-29 23:00:11,309   Imaginary: 1286, Real: 1800
2024-07-29 23:00:11,309   Imaginary: 512, Real: 774
2024-07-29 23:00:11,309   Imaginary: 64, Real: 6
2024-07-29 23:00:11,309   Imaginary: 26691, Real: 10
2024-07-29 23:00:11,309   Imaginary: 99, Real: 0
2024-07-29 23:00:11,309   Imaginary: 28970, Real: 26435
2024-07-29 23:00:11,309   Imaginary: 1, Real: 0
2024-07-29 23:00:11,309   Imaginary: 1, Real: 0
2024-07-29 23:00:11,309   Imaginary: 0, Real: 0
2024-07-29 23:00:11,309   Imaginary: 10, Real: 0
2024-07-29 23:00:11,309   Imaginary: 0, Real: 6
2024-07-29 23:00:11,309   Imaginary: 21536, Real: 2048
2024-07-29 23:00:11,309   Imaginary: 4035, Real: 1
2024-07-29 23:00:11,309   Imaginary: 13186, Real: 0
2024-07-29 23:00:11,309   Imaginary: 1, Real: 0
2024-07-29 23:00:11,309   Imaginary: 258, Real: 772
2024-07-29 23:00:11,309   Imaginary: 1286, Real: 1800
2024-07-29 23:00:11,309   Imaginary: 512, Real: 774
2024-07-29 23:00:11,309   Imaginary: 64, Real: 6
2024-07-29 23:00:11,309   Imaginary: 26691, Real: 10
2024-07-29 23:00:11,309   Imaginary: 100, Real: 0
2024-07-29 23:00:11,309   Imaginary: 25588, Real: 27198
2024-07-29 23:00:11,309   Imaginary: 1, Real: 0
2024-07-29 23:00:11,309   Imaginary: 1, Real: 0
2024-07-29 23:00:11,309   Imaginary: 0, Real: 0
2024-07-29 23:00:11,309   Imaginary: 10, Real: 0
2024-07-29 23:00:11,309   Imaginary: 0, Real: 6
2024-07-29 23:00:11,309   Imaginary: 21536, Real: 2048
2024-07-29 23:00:11,309   Imaginary: 4562, Real: 1
2024-07-29 23:00:11,309   Imaginary: 13186, Real: 0
2024-07-29 23:00:11,309   Imaginary: 1, Real: 0
2024-07-29 23:00:11,309   Imaginary: 258, Real: 772
2024-07-29 23:00:11,309   Imaginary: 1286, Real: 1800
2024-07-29 23:00:11,309   Imaginary: 512, Real: 774
2024-07-29 23:00:11,309   Imaginary: 64, Real: 6
2024-07-29 23:00:11,309   Imaginary: 26691, Real: 10
2024-07-29 23:00:11,309   Imaginary: 101, Real: 0
2024-07-29 23:00:11,309   Imaginary: 21213, Real: 27961
2024-07-29 23:00:11,309   Imaginary: 1, Real: 0
2024-07-29 23:00:11,309   Imaginary: 1, Real: 0
2024-07-29 23:00:11,309   Imaginary: 0, Real: 0
2024-07-29 23:00:11,309   Imaginary: 10, Real: 0
2024-07-29 23:00:11,309   Imaginary: 0, Real: 6
2024-07-29 23:00:11,309   Imaginary: 21536, Real: 2048
2024-07-29 23:00:11,309   Imaginary: 3757, Real: 1
2024-07-29 23:00:11,309   Imaginary: 13173, Real: 0
2024-07-29 23:00:11,309   Imaginary: 1, Real: 0
2024-07-29 23:00:11,309   Imaginary: 258, Real: 772
2024-07-29 23:00:11,309   Imaginary: 1286, Real: 1800
2024-07-29 23:00:11,309   Imaginary: 512, Real: 774
2024-07-29 23:00:11,309   Imaginary: 64, Real: 6
2024-07-29 23:00:11,309   Imaginary: 26691, Real: 10
2024-07-29 23:00:11,309   Imaginary: 102, Real: 0
2024-07-29 23:00:11,309   Imaginary: 17518, Real: 28724
2024-07-29 23:00:11,309   Imaginary: 1, Real: 0
2024-07-29 23:00:11,309   Imaginary: 1, Real: 0
2024-07-29 23:00:11,309   Imaginary: 0, Real: 0
2024-07-29 23:00:11,309   Imaginary: 10, Real: 0
2024-07-29 23:00:11,309   Imaginary: 0, Real: 6
2024-07-29 23:00:11,309   Imaginary: 21536, Real: 2048
2024-07-29 23:00:11,309   Imaginary: 4530, Real: 1
2024-07-29 23:00:11,309   Imaginary: 13186, Real: 0
2024-07-29 23:00:11,309   Imaginary: 1, Real: 0
2024-07-29 23:00:11,309   Imaginary: 258, Real: 772
2024-07-29 23:00:11,309   Imaginary: 1286, Real: 1800
2024-07-29 23:00:11,309   Imaginary: 512, Real: 774
2024-07-29 23:00:11,309   Imaginary: 64, Real: 6
2024-07-29 23:00:11,309   Imaginary: 26691, Real: 10
2024-07-29 23:00:11,309   Imaginary: 103, Real: 0
2024-07-29 23:00:11,309   Imaginary: 13141, Real: 29487
2024-07-29 23:00:11,309   Imaginary: 1, Real: 0
2024-07-29 23:00:11,309   Imaginary: 1, Real: 0
2024-07-29 23:00:11,309   Imaginary: 0, Real: 0
2024-07-29 23:00:11,309   Imaginary: 10, Real: 0
2024-07-29 23:00:11,309   Imaginary: 0, Real: 6
2024-07-29 23:00:11,309   Imaginary: 21536, Real: 2048
2024-07-29 23:00:11,309   Imaginary: 3917, Real: 1
2024-07-29 23:00:11,309   Imaginary: 13186, Real: 0
2024-07-29 23:00:11,309   Imaginary: 1, Real: 0
2024-07-29 23:00:11,309   Imaginary: 258, Real: 772
2024-07-29 23:00:11,309   Imaginary: 1286, Real: 1800
2024-07-29 23:00:11,309   Imaginary: 512, Real: 774
2024-07-29 23:00:11,309   Imaginary: 64, Real: 6
2024-07-29 23:00:11,309   Imaginary: 26691, Real: 10
2024-07-29 23:00:11,309   Imaginary: 104, Real: 0
2024-07-29 23:00:11,309   Imaginary: 9481, Real: 30250
2024-07-29 23:00:11,309   Imaginary: 1, Real: 0
2024-07-29 23:00:11,309   Imaginary: 1, Real: 0
2024-07-29 23:00:11,309   Imaginary: 0, Real: 0
2024-07-29 23:00:11,309   Imaginary: 10, Real: 0
2024-07-29 23:00:11,309   Imaginary: 0, Real: 6
2024-07-29 23:00:11,309   Imaginary: 21536, Real: 2048
2024-07-29 23:00:11,309   Imaginary: 4213, Real: 1
2024-07-29 23:00:11,309   Imaginary: 13186, Real: 0
2024-07-29 23:00:11,309   Imaginary: 1, Real: 0
2024-07-29 23:00:11,309   Imaginary: 258, Real: 772
2024-07-29 23:00:11,309   Imaginary: 1286, Real: 1800
2024-07-29 23:00:11,309   Imaginary: 512, Real: 774
2024-07-29 23:00:11,309   Imaginary: 64, Real: 6
2024-07-29 23:00:11,309   Imaginary: 26691, Real: 10
2024-07-29 23:00:11,309   Imaginary: 105, Real: 0
2024-07-29 23:00:11,309   Imaginary: 7479, Real: 31013
2024-07-29 23:00:11,309   Imaginary: 1, Real: 0
2024-07-29 23:00:11,309   Imaginary: 1, Real: 0
2024-07-29 23:00:11,309   Imaginary: 0, Real: 0
2024-07-29 23:00:11,309   Imaginary: 10, Real: 0
2024-07-29 23:00:11,309   Imaginary: 0, Real: 6
2024-07-29 23:00:11,309   Imaginary: 21536, Real: 2048
2024-07-29 23:00:11,309   Imaginary: 5300, Real: 1
2024-07-29 23:00:11,309   Imaginary: 13186, Real: 0
2024-07-29 23:00:11,309   Imaginary: 1, Real: 0
2024-07-29 23:00:11,309   Imaginary: 258, Real: 772
2024-07-29 23:00:11,309   Imaginary: 1286, Real: 1800
2024-07-29 23:00:11,309   Imaginary: 512, Real: 774
2024-07-29 23:00:11,309   Imaginary: 64, Real: 6
2024-07-29 23:00:11,309   Imaginary: 26691, Real: 10
2024-07-29 23:00:11,309   Imaginary: 106, Real: 0
2024-07-29 23:00:11,309   Imaginary: 1384, Real: 31776
2024-07-29 23:00:11,309   Imaginary: 1, Real: 0
2024-07-29 23:00:11,309   Imaginary: 1, Real: 0
2024-07-29 23:00:11,309   Imaginary: 0, Real: 0
2024-07-29 23:00:11,309   Imaginary: 10, Real: 0
2024-07-29 23:00:11,309   Imaginary: 0, Real: 6
2024-07-29 23:00:11,309   Imaginary: 21536, Real: 2048
2024-07-29 23:00:11,309   Imaginary: 4194, Real: 1
2024-07-29 23:00:11,309   Imaginary: 13173, Real: 0
2024-07-29 23:00:11,309   Imaginary: 1, Real: 0
2024-07-29 23:00:11,309   Imaginary: 258, Real: 772
2024-07-29 23:00:11,309   Imaginary: 1286, Real: 1800
2024-07-29 23:00:11,309   Imaginary: 512, Real: 774
2024-07-29 23:00:11,309   Imaginary: 64, Real: 6
2024-07-29 23:00:11,309   Imaginary: 26691, Real: 10
2024-07-29 23:00:11,309   Imaginary: 107, Real: 0
2024-07-29 23:00:11,309   Imaginary: -2489, Real: 32538
2024-07-29 23:00:11,309   Imaginary: 1, Real: 0
2024-07-29 23:00:11,309   Imaginary: 1, Real: 0
2024-07-29 23:00:11,309   Imaginary: 0, Real: 0
2024-07-29 23:00:11,309   Imaginary: 10, Real: 0
2024-07-29 23:00:11,309   Imaginary: 0, Real: 6
2024-07-29 23:00:11,309   Imaginary: 21536, Real: 2048
2024-07-29 23:00:11,309   Imaginary: 4254, Real: 1
2024-07-29 23:00:11,309   Imaginary: 13186, Real: 0
2024-07-29 23:00:11,309   Imaginary: 1, Real: 0
2024-07-29 23:00:11,309   Imaginary: 258, Real: 772
2024-07-29 23:00:11,309   Imaginary: 1286, Real: 1800
2024-07-29 23:00:11,309   Imaginary: 512, Real: 774
2024-07-29 23:00:11,309   Imaginary: 64, Real: 6
2024-07-29 23:00:11,309   Imaginary: 26691, Real: 10
2024-07-29 23:00:11,309   Imaginary: 108, Real: 0
2024-07-29 23:00:11,309   Imaginary: -6235, Real: -32235
2024-07-29 23:00:11,309   Imaginary: 1, Real: 0
2024-07-29 23:00:11,309   Imaginary: 1, Real: 0
2024-07-29 23:00:11,309   Imaginary: 0, Real: 0
2024-07-29 23:00:11,309   Imaginary: 10, Real: 0
2024-07-29 23:00:11,309   Imaginary: 0, Real: 6
2024-07-29 23:00:11,309   Imaginary: 21536, Real: 2048
2024-07-29 23:00:11,309   Imaginary: 4374, Real: 1
2024-07-29 23:00:11,309   Imaginary: 13186, Real: 0
2024-07-29 23:00:11,309   Imaginary: 1, Real: 0
2024-07-29 23:00:11,309   Imaginary: 258, Real: 772
2024-07-29 23:00:11,314   Imaginary: 1286, Real: 1800
2024-07-29 23:00:11,314   Imaginary: 512, Real: 774
2024-07-29 23:00:11,314   Imaginary: 64, Real: 6
2024-07-29 23:00:11,314   Imaginary: 26691, Real: 10
2024-07-29 23:00:11,314   Imaginary: 109, Real: 0
2024-07-29 23:00:11,314   Imaginary: -10269, Real: -31472
2024-07-29 23:00:11,314   Imaginary: 1, Real: 0
2024-07-29 23:00:11,314   Imaginary: 1, Real: 0
2024-07-29 23:00:11,314   Imaginary: 0, Real: 0
2024-07-29 23:00:11,314   Imaginary: 10, Real: 0
2024-07-29 23:00:11,314   Imaginary: 0, Real: 6
2024-07-29 23:00:11,314   Imaginary: 21536, Real: 2048
2024-07-29 23:00:11,314   Imaginary: 4319, Real: 1
2024-07-29 23:00:11,314   Imaginary: 13182, Real: 0
2024-07-29 23:00:11,314   Imaginary: 1, Real: 0
2024-07-29 23:00:11,314   Imaginary: 258, Real: 772
2024-07-29 23:00:11,314   Imaginary: 1286, Real: 1800
2024-07-29 23:00:11,314   Imaginary: 512, Real: 774
2024-07-29 23:00:11,314   Imaginary: 64, Real: 6
2024-07-29 23:00:11,314   Imaginary: 26691, Real: 10
2024-07-29 23:00:11,314   Imaginary: 110, Real: 0
2024-07-29 23:00:11,314   Imaginary: -12591, Real: -30709
2024-07-29 23:00:11,314   Imaginary: 1, Real: 0
2024-07-29 23:00:11,314   Imaginary: 1, Real: 0
2024-07-29 23:00:11,314   Imaginary: 0, Real: 0
2024-07-29 23:00:11,314   Imaginary: 10, Real: 0
2024-07-29 23:00:11,314   Imaginary: 0, Real: 6
2024-07-29 23:00:11,314   Imaginary: 18895, Real: -1942
2024-07-29 23:00:11,314   Imaginary: -14000, Real: 14876
2024-07-29 23:00:11,314   Imaginary: -18587, Real: -17841
2024-07-29 23:00:11,314   Imaginary: -26884, Real: 14933
2024-07-29 23:00:11,314   Imaginary: 258, Real: 772
2024-07-29 23:00:11,314   Imaginary: 1286, Real: 1800
2024-07-29 23:00:11,314   Imaginary: 512, Real: 774
2024-07-29 23:00:11,314   Imaginary: 64, Real: 6
2024-07-29 23:00:11,314   Imaginary: 26691, Real: 10
2024-07-29 23:00:11,314   Imaginary: 111, Real: 0
2024-07-29 23:00:11,314   Imaginary: -18351, Real: -29946
2024-07-29 23:00:11,314   Imaginary: 1, Real: 0
2024-07-29 23:00:11,314   Imaginary: 1, Real: 0
2024-07-29 23:00:11,314   Imaginary: 0, Real: 0
2024-07-29 23:00:11,314   Imaginary: 10, Real: 0
2024-07-29 23:00:11,314   Imaginary: 0, Real: 6
2024-07-29 23:00:11,314   Imaginary: 21536, Real: 2048
2024-07-29 23:00:11,314   Imaginary: 4401, Real: 1
2024-07-29 23:00:11,314   Imaginary: 13173, Real: 0
2024-07-29 23:00:11,314   Imaginary: 1, Real: 0
2024-07-29 23:00:11,314   Imaginary: 258, Real: 772
2024-07-29 23:00:11,314   Imaginary: 1286, Real: 1800
2024-07-29 23:00:11,314   Imaginary: 512, Real: 774
2024-07-29 23:00:11,314   Imaginary: 64, Real: 6
2024-07-29 23:00:11,314   Imaginary: 26691, Real: 10
2024-07-29 23:00:11,314   Imaginary: 112, Real: 0
2024-07-29 23:00:11,314   Imaginary: -22364, Real: -29183
2024-07-29 23:00:11,314   Imaginary: 1, Real: 0
2024-07-29 23:00:11,314   Imaginary: 1, Real: 0
2024-07-29 23:00:11,314   Imaginary: 0, Real: 0
2024-07-29 23:00:11,314   Imaginary: 10, Real: 0
2024-07-29 23:00:11,314   Imaginary: 0, Real: 6
2024-07-29 23:00:11,314   Imaginary: 21536, Real: 2048
2024-07-29 23:00:11,314   Imaginary: 4310, Real: 1
2024-07-29 23:00:11,314   Imaginary: 13186, Real: 0
2024-07-29 23:00:11,314   Imaginary: 1, Real: 0
2024-07-29 23:00:11,314   Imaginary: 258, Real: 772
2024-07-29 23:00:11,314   Imaginary: 1286, Real: 1800
2024-07-29 23:00:11,314   Imaginary: 512, Real: 774
2024-07-29 23:00:11,314   Imaginary: 64, Real: 6
2024-07-29 23:00:11,314   Imaginary: 26691, Real: 10
2024-07-29 23:00:11,314   Imaginary: 113, Real: 0
2024-07-29 23:00:11,314   Imaginary: -26344, Real: -28420
2024-07-29 23:00:11,314   Imaginary: 1, Real: 0
2024-07-29 23:00:11,314   Imaginary: 1, Real: 0
2024-07-29 23:00:11,314   Imaginary: 0, Real: 0
2024-07-29 23:00:11,314   Imaginary: 10, Real: 0
2024-07-29 23:00:11,314   Imaginary: 0, Real: 6
2024-07-29 23:00:11,314   Imaginary: 21536, Real: 2048
2024-07-29 23:00:11,314   Imaginary: 4309, Real: 1
2024-07-29 23:00:11,314   Imaginary: 13186, Real: 0
2024-07-29 23:00:11,314   Imaginary: 1, Real: 0
2024-07-29 23:00:11,314   Imaginary: 258, Real: 772
2024-07-29 23:00:11,314   Imaginary: 1286, Real: 1800
2024-07-29 23:00:11,314   Imaginary: 512, Real: 774
2024-07-29 23:00:11,314   Imaginary: 64, Real: 6
2024-07-29 23:00:11,314   Imaginary: 26691, Real: 10
2024-07-29 23:00:11,314   Imaginary: 114, Real: 0
2024-07-29 23:00:11,314   Imaginary: -30399, Real: -27657
2024-07-29 23:00:11,314   Imaginary: 1, Real: 0
2024-07-29 23:00:11,314   Imaginary: 1, Real: 0
2024-07-29 23:00:11,314   Imaginary: 0, Real: 0
2024-07-29 23:00:11,314   Imaginary: 10, Real: 0
2024-07-29 23:00:11,314   Imaginary: 0, Real: 6
2024-07-29 23:00:11,314   Imaginary: 21536, Real: 2048
2024-07-29 23:00:11,314   Imaginary: 4222, Real: 1
2024-07-29 23:00:11,314   Imaginary: 13186, Real: 0
2024-07-29 23:00:11,314   Imaginary: 1, Real: 0
2024-07-29 23:00:11,314   Imaginary: 258, Real: 772
2024-07-29 23:00:11,314   Imaginary: 1286, Real: 1800
2024-07-29 23:00:11,314   Imaginary: 512, Real: 774
2024-07-29 23:00:11,314   Imaginary: 64, Real: 6
2024-07-29 23:00:11,314   Imaginary: 26691, Real: 10
2024-07-29 23:00:11,314   Imaginary: 115, Real: 0
2024-07-29 23:00:11,314   Imaginary: -3719, Real: -26894
2024-07-29 23:00:11,314   Imaginary: 2, Real: 0
2024-07-29 23:00:11,314   Imaginary: 1, Real: 0
2024-07-29 23:00:11,314   Imaginary: 0, Real: 0
2024-07-29 23:00:11,314   Imaginary: 10, Real: 0
2024-07-29 23:00:11,314   Imaginary: 0, Real: 6
2024-07-29 23:00:11,314   Imaginary: 21536, Real: 2048
2024-07-29 23:00:11,314   Imaginary: 25632, Real: 1
2024-07-29 23:00:11,314   Imaginary: 21033, Real: 0
2024-07-29 23:00:11,314   Imaginary: 2, Real: 0
2024-07-29 23:00:11,314   Imaginary: 258, Real: 772
2024-07-29 23:00:11,314   Imaginary: 1286, Real: 1800
2024-07-29 23:00:11,314   Imaginary: 512, Real: 774
2024-07-29 23:00:11,314   Imaginary: 64, Real: 6
2024-07-29 23:00:11,314   Imaginary: 26691, Real: 10
2024-07-29 23:00:11,314   Imaginary: 116, Real: 0
2024-07-29 23:00:11,314   Imaginary: -9012, Real: -26131
2024-07-29 23:00:11,314   Imaginary: 2, Real: 0
2024-07-29 23:00:11,314   Imaginary: 1, Real: 0
2024-07-29 23:00:11,314   Imaginary: 0, Real: 0
2024-07-29 23:00:11,314   Imaginary: 10, Real: 0
2024-07-29 23:00:11,314   Imaginary: 0, Real: 6
2024-07-29 23:00:11,314   Imaginary: 21536, Real: 2048
2024-07-29 23:00:11,314   Imaginary: 22162, Real: 1
2024-07-29 23:00:11,314   Imaginary: 21795, Real: 0
2024-07-29 23:00:11,314   Imaginary: 2, Real: 0
2024-07-29 23:00:11,314   Imaginary: 258, Real: 772
2024-07-29 23:00:11,314   Imaginary: 1286, Real: 1800
2024-07-29 23:00:11,314   Imaginary: 512, Real: 774
2024-07-29 23:00:11,314   Imaginary: 64, Real: 6
2024-07-29 23:00:11,314   Imaginary: 26691, Real: 10
2024-07-29 23:00:11,314   Imaginary: 117, Real: 0
2024-07-29 23:00:11,314   Imaginary: 1321, Real: -25367
2024-07-29 23:00:11,314   Imaginary: 3, Real: 0
2024-07-29 23:00:11,314   Imaginary: 1, Real: 0
2024-07-29 23:00:11,314   Imaginary: 0, Real: 0
2024-07-29 23:00:11,314   Imaginary: 10, Real: 0
2024-07-29 23:00:11,314   Imaginary: 0, Real: 6
2024-07-29 23:00:11,314   Imaginary: 21536, Real: 2048
2024-07-29 23:00:11,314   Imaginary: -28695, Real: 1
2024-07-29 23:00:11,314   Imaginary: 21819, Real: 0
2024-07-29 23:00:11,314   Imaginary: 3, Real: 0
2024-07-29 23:00:11,314   Imaginary: 258, Real: 772
2024-07-29 23:00:11,314   Imaginary: 1286, Real: 1800
2024-07-29 23:00:11,314   Imaginary: 512, Real: 774
2024-07-29 23:00:11,314   Imaginary: 64, Real: 6
2024-07-29 23:00:11,314   Imaginary: 26691, Real: 10
2024-07-29 23:00:11,314   Imaginary: 118, Real: 0
2024-07-29 23:00:11,314   Imaginary: -24433, Real: -24604
2024-07-29 23:00:11,314   Imaginary: 5, Real: 0
2024-07-29 23:00:11,314   Imaginary: 1, Real: 0
2024-07-29 23:00:11,314   Imaginary: 0, Real: 0
2024-07-29 23:00:11,314   Imaginary: 10, Real: 0
2024-07-29 23:00:11,314   Imaginary: 0, Real: 6
2024-07-29 23:00:11,314   Imaginary: 21536, Real: 2048
2024-07-29 23:00:11,314   Imaginary: 5926, Real: 2
2024-07-29 23:00:11,314   Imaginary: 30568, Real: 0
2024-07-29 23:00:11,314   Imaginary: 5, Real: 0
2024-07-29 23:00:11,314   Imaginary: 258, Real: 772
2024-07-29 23:00:11,314   Imaginary: 1286, Real: 1800
2024-07-29 23:00:11,314   Imaginary: 512, Real: 774
2024-07-29 23:00:11,314   Imaginary: 64, Real: 6
2024-07-29 23:00:11,314   Imaginary: 26691, Real: 10
2024-07-29 23:00:11,314   Imaginary: 119, Real: 0
2024-07-29 23:00:11,314   Imaginary: -5689, Real: -23842
2024-07-29 23:00:11,314   Imaginary: 3, Real: 0
2024-07-29 23:00:11,314   Imaginary: 1, Real: 0
2024-07-29 23:00:11,314   Imaginary: 0, Real: 0
2024-07-29 23:00:11,314   Imaginary: 10, Real: 0
2024-07-29 23:00:11,314   Imaginary: 0, Real: 6
2024-07-29 23:00:11,314   Imaginary: 21536, Real: 2048
2024-07-29 23:00:11,314   Imaginary: -27993, Real: 1
2024-07-29 23:00:11,314   Imaginary: 21826, Real: 0
2024-07-29 23:00:11,314   Imaginary: 3, Real: 0
2024-07-29 23:00:11,314   Imaginary: 258, Real: 772
2024-07-29 23:00:11,314   Imaginary: 1286, Real: 1800
2024-07-29 23:00:11,314   Imaginary: 512, Real: 774
2024-07-29 23:00:11,314   Imaginary: 64, Real: 6
2024-07-29 23:00:11,314   Imaginary: 26691, Real: 10
2024-07-29 23:00:11,314   Imaginary: 120, Real: 0
2024-07-29 23:00:11,314   Imaginary: -22264, Real: -23079
2024-07-29 23:00:11,314   Imaginary: 2, Real: 0
2024-07-29 23:00:11,314   Imaginary: 1, Real: 0
2024-07-29 23:00:11,314   Imaginary: 0, Real: 0
2024-07-29 23:00:11,314   Imaginary: 10, Real: 0
2024-07-29 23:00:11,314   Imaginary: 0, Real: 6
2024-07-29 23:00:11,314   Imaginary: 21536, Real: 2048
2024-07-29 23:00:11,314   Imaginary: 26020, Real: 1
2024-07-29 23:00:11,314   Imaginary: 21786, Real: 0
2024-07-29 23:00:11,314   Imaginary: 2, Real: 0
2024-07-29 23:00:11,314   Imaginary: 258, Real: 772
2024-07-29 23:00:11,314   Imaginary: 1286, Real: 1800
2024-07-29 23:00:11,314   Imaginary: 512, Real: 774
2024-07-29 23:00:11,314   Imaginary: 64, Real: 6
2024-07-29 23:00:11,314   Imaginary: 26691, Real: 10
2024-07-29 23:00:11,314   Imaginary: 121, Real: 0
2024-07-29 23:00:11,314   Imaginary: 7792, Real: -22316
2024-07-29 23:00:11,314   Imaginary: 1, Real: 0
2024-07-29 23:00:11,314   Imaginary: 1, Real: 0
2024-07-29 23:00:11,314   Imaginary: 0, Real: 0
2024-07-29 23:00:11,314   Imaginary: 10, Real: 0
2024-07-29 23:00:11,314   Imaginary: 0, Real: 6
2024-07-29 23:00:11,314   Imaginary: 21536, Real: 2048
2024-07-29 23:00:11,314   Imaginary: 4284, Real: 1
2024-07-29 23:00:11,314   Imaginary: 13173, Real: 0
2024-07-29 23:00:11,314   Imaginary: 1, Real: 0
2024-07-29 23:00:11,314   Imaginary: 258, Real: 772
2024-07-29 23:00:11,314   Imaginary: 1286, Real: 1800
2024-07-29 23:00:11,314   Imaginary: 512, Real: 774
2024-07-29 23:00:11,314   Imaginary: 64, Real: 6
2024-07-29 23:00:11,314   Imaginary: 26691, Real: 10
2024-07-29 23:00:11,314   Imaginary: 122, Real: 0
2024-07-29 23:00:11,322   Imaginary: 30054, Real: -21553
2024-07-29 23:00:11,322   Imaginary: 2, Real: 0
2024-07-29 23:00:11,322   Imaginary: 1, Real: 0
2024-07-29 23:00:11,322   Imaginary: 0, Real: 0
2024-07-29 23:00:11,322   Imaginary: 10, Real: 0
2024-07-29 23:00:11,322   Imaginary: 0, Real: 6
2024-07-29 23:00:11,322   Imaginary: 21536, Real: 2048
2024-07-29 23:00:11,322   Imaginary: 22596, Real: 1
2024-07-29 23:00:11,322   Imaginary: 21021, Real: 0
2024-07-29 23:00:11,322   Imaginary: 2, Real: 0
2024-07-29 23:00:11,322   Imaginary: 258, Real: 772
2024-07-29 23:00:11,322   Imaginary: 1286, Real: 1800
2024-07-29 23:00:11,322   Imaginary: 512, Real: 774
2024-07-29 23:00:11,322   Imaginary: 64, Real: 6
2024-07-29 23:00:11,322   Imaginary: 26691, Real: 10
2024-07-29 23:00:11,322   Imaginary: 123, Real: 0
2024-07-29 23:00:11,322   Imaginary: -209, Real: -20791
2024-07-29 23:00:11,322   Imaginary: 1, Real: 0
2024-07-29 23:00:11,322   Imaginary: 1, Real: 0
2024-07-29 23:00:11,322   Imaginary: 0, Real: 0
2024-07-29 23:00:11,322   Imaginary: 10, Real: 0
2024-07-29 23:00:11,322   Imaginary: 0, Real: 6
2024-07-29 23:00:11,322   Imaginary: 21536, Real: 2048
2024-07-29 23:00:11,322   Imaginary: 4295, Real: 1
2024-07-29 23:00:11,322   Imaginary: 13186, Real: 0
2024-07-29 23:00:11,322   Imaginary: 1, Real: 0
2024-07-29 23:00:11,322   Imaginary: 258, Real: 772
2024-07-29 23:00:11,322   Imaginary: 1286, Real: 1800
2024-07-29 23:00:11,322   Imaginary: 512, Real: 774
2024-07-29 23:00:11,322   Imaginary: 64, Real: 6
2024-07-29 23:00:11,322   Imaginary: 26691, Real: 10
2024-07-29 23:00:11,322   Imaginary: 124, Real: 0
2024-07-29 23:00:11,323   Imaginary: -4475, Real: -20028
2024-07-29 23:00:11,323   Imaginary: 1, Real: 0
2024-07-29 23:00:11,323   Imaginary: 1, Real: 0
2024-07-29 23:00:11,323   Imaginary: 0, Real: 0
2024-07-29 23:00:11,323   Imaginary: 10, Real: 0
2024-07-29 23:00:11,323   Imaginary: 0, Real: 6
2024-07-29 23:00:11,323   Imaginary: 21536, Real: 2048
2024-07-29 23:00:11,323   Imaginary: 3793, Real: 1
2024-07-29 23:00:11,323   Imaginary: 13182, Real: 0
2024-07-29 23:00:11,323   Imaginary: 1, Real: 0
2024-07-29 23:00:11,323   Imaginary: 258, Real: 772
2024-07-29 23:00:11,323   Imaginary: 1286, Real: 1800
2024-07-29 23:00:11,323   Imaginary: 512, Real: 774
2024-07-29 23:00:11,323   Imaginary: 64, Real: 6
2024-07-29 23:00:11,323   Imaginary: 26691, Real: 10
2024-07-29 23:00:11,323   Imaginary: 125, Real: 0
2024-07-29 23:00:11,323   Imaginary: -8550, Real: -19265
2024-07-29 23:00:11,323   Imaginary: 1, Real: 0
2024-07-29 23:00:11,323   Imaginary: 1, Real: 0
2024-07-29 23:00:11,323   Imaginary: 0, Real: 0
2024-07-29 23:00:11,323   Imaginary: 10, Real: 0
2024-07-29 23:00:11,323   Imaginary: 0, Real: 6
2024-07-29 23:00:11,323   Imaginary: 21536, Real: 2048
2024-07-29 23:00:11,323   Imaginary: 3974, Real: 1
2024-07-29 23:00:11,323   Imaginary: 13186, Real: 0
2024-07-29 23:00:11,323   Imaginary: 1, Real: 0
2024-07-29 23:00:11,323   Imaginary: 258, Real: 772
2024-07-29 23:00:11,323   Imaginary: 1286, Real: 1800
2024-07-29 23:00:11,323   Imaginary: 512, Real: 774
2024-07-29 23:00:11,323   Imaginary: 64, Real: 6
2024-07-29 23:00:11,323   Imaginary: 26691, Real: 10
2024-07-29 23:00:11,323   Imaginary: 126, Real: 0
2024-07-29 23:00:11,323   Imaginary: 16388, Real: -18501
2024-07-29 23:00:11,323   Imaginary: 2, Real: 0
2024-07-29 23:00:11,323   Imaginary: 1, Real: 0
2024-07-29 23:00:11,323   Imaginary: 0, Real: 0
2024-07-29 23:00:11,323   Imaginary: 10, Real: 0
2024-07-29 23:00:11,323   Imaginary: 0, Real: 6
2024-07-29 23:00:11,323   Imaginary: 21536, Real: 2048
2024-07-29 23:00:11,323   Imaginary: 24337, Real: 1
2024-07-29 23:00:11,323   Imaginary: 21609, Real: 0
2024-07-29 23:00:11,323   Imaginary: 2, Real: 0
2024-07-29 23:00:11,323   Imaginary: 258, Real: 772
2024-07-29 23:00:11,323   Imaginary: 1286, Real: 1800
2024-07-29 23:00:11,323   Imaginary: 512, Real: 774
2024-07-29 23:00:11,323   Imaginary: 64, Real: 6
2024-07-29 23:00:11,323   Imaginary: 26691, Real: 10
2024-07-29 23:00:11,323   Imaginary: 127, Real: 0
2024-07-29 23:00:11,323   Imaginary: -16941, Real: -17739
2024-07-29 23:00:11,323   Imaginary: 1, Real: 0
2024-07-29 23:00:11,323   Imaginary: 1, Real: 0
2024-07-29 23:00:11,323   Imaginary: 0, Real: 0
2024-07-29 23:00:11,323   Imaginary: 10, Real: 0
2024-07-29 23:00:11,323   Imaginary: 0, Real: 6
2024-07-29 23:00:11,323   Imaginary: 21536, Real: 2048
2024-07-29 23:00:11,323   Imaginary: 3745, Real: 1
2024-07-29 23:00:11,323   Imaginary: 13182, Real: 0
2024-07-29 23:00:11,323   Imaginary: 1, Real: 0
2024-07-29 23:00:11,323   Imaginary: 258, Real: 772
2024-07-29 23:00:11,323   Imaginary: 1286, Real: 1800
2024-07-29 23:00:11,323   Imaginary: 512, Real: 774
2024-07-29 23:00:11,323   Imaginary: 64, Real: 6
2024-07-29 23:00:11,323   Imaginary: 26691, Real: 10
2024-07-29 23:00:11,323   Imaginary: 128, Real: 0
2024-07-29 23:00:11,323   Imaginary: -20740, Real: -16976
2024-07-29 23:00:11,323   Imaginary: 1, Real: 0
2024-07-29 23:00:11,323   Imaginary: 1, Real: 0
2024-07-29 23:00:11,323   Imaginary: 0, Real: 0
2024-07-29 23:00:11,323   Imaginary: 10, Real: 0
2024-07-29 23:00:11,323   Imaginary: 0, Real: 6
2024-07-29 23:00:11,323   Imaginary: 21536, Real: 2048
2024-07-29 23:00:11,323   Imaginary: 3904, Real: 1
2024-07-29 23:00:11,323   Imaginary: 13186, Real: 0
2024-07-29 23:00:11,323   Imaginary: 1, Real: 0
2024-07-29 23:00:11,323   Imaginary: 258, Real: 772
2024-07-29 23:00:11,323   Imaginary: 1286, Real: 1800
2024-07-29 23:00:11,323   Imaginary: 512, Real: 774
2024-07-29 23:00:11,323   Imaginary: 64, Real: 6
2024-07-29 23:00:11,323   Imaginary: 26691, Real: 10
2024-07-29 23:00:11,323   Imaginary: 129, Real: 0
2024-07-29 23:00:11,323   Imaginary: -24505, Real: -16213
2024-07-29 23:00:11,323   Imaginary: 1, Real: 0
2024-07-29 23:00:11,323   Imaginary: 1, Real: 0
2024-07-29 23:00:11,323   Imaginary: 0, Real: 0
2024-07-29 23:00:11,323   Imaginary: 10, Real: 0
2024-07-29 23:00:11,323   Imaginary: 0, Real: 6
2024-07-29 23:00:11,323   Imaginary: 21536, Real: 2048
2024-07-29 23:00:11,323   Imaginary: 3998, Real: 1
2024-07-29 23:00:11,323   Imaginary: 13186, Real: 0
2024-07-29 23:00:11,323   Imaginary: 1, Real: 0
2024-07-29 23:00:11,323   Imaginary: 258, Real: 772
2024-07-29 23:00:11,323   Imaginary: 1286, Real: 1800
2024-07-29 23:00:11,323   Imaginary: 512, Real: 774
2024-07-29 23:00:11,323   Imaginary: 64, Real: 6
2024-07-29 23:00:11,323   Imaginary: 26691, Real: 10
2024-07-29 23:00:11,323   Imaginary: 130, Real: 0
2024-07-29 23:00:11,323   Imaginary: -22913, Real: -15450
2024-07-29 23:00:11,323   Imaginary: 1, Real: 0
2024-07-29 23:00:11,323   Imaginary: 1, Real: 0
2024-07-29 23:00:11,323   Imaginary: 0, Real: 0
2024-07-29 23:00:11,323   Imaginary: 10, Real: 0
2024-07-29 23:00:11,323   Imaginary: 0, Real: 6
2024-07-29 23:00:11,323   Imaginary: 21536, Real: 2048
2024-07-29 23:00:11,323   Imaginary: 5473, Real: 1
2024-07-29 23:00:11,323   Imaginary: 13186, Real: 0
2024-07-29 23:00:11,323   Imaginary: 1, Real: 0
2024-07-29 23:00:11,323   Imaginary: 258, Real: 772
2024-07-29 23:00:11,323   Imaginary: 1286, Real: 1800
2024-07-29 23:00:11,323   Imaginary: 512, Real: 774
2024-07-29 23:00:11,323   Imaginary: 64, Real: 6
2024-07-29 23:00:11,323   Imaginary: 26691, Real: 10
2024-07-29 23:00:11,323   Imaginary: 131, Real: 0
2024-07-29 23:00:11,323   Imaginary: -25306, Real: -14686
2024-07-29 23:00:11,323   Imaginary: 4, Real: 0
2024-07-29 23:00:11,323   Imaginary: 1, Real: 0
2024-07-29 23:00:11,323   Imaginary: 0, Real: 0
2024-07-29 23:00:11,323   Imaginary: 10, Real: 0
2024-07-29 23:00:11,323   Imaginary: 0, Real: 6
2024-07-29 23:00:11,323   Imaginary: 21536, Real: 2048
2024-07-29 23:00:11,323   Imaginary: -9549, Real: 1
2024-07-29 23:00:11,323   Imaginary: 30483, Real: 0
2024-07-29 23:00:11,323   Imaginary: 4, Real: 0
2024-07-29 23:00:11,323   Imaginary: 258, Real: 772
2024-07-29 23:00:11,323   Imaginary: 1286, Real: 1800
2024-07-29 23:00:11,323   Imaginary: 512, Real: 774
2024-07-29 23:00:11,323   Imaginary: 64, Real: 6
2024-07-29 23:00:11,323   Imaginary: 26691, Real: 10
2024-07-29 23:00:11,323   Imaginary: 132, Real: 0
2024-07-29 23:00:11,323   Imaginary: 31049, Real: -13924
2024-07-29 23:00:11,323   Imaginary: 1, Real: 0
2024-07-29 23:00:11,323   Imaginary: 1, Real: 0
2024-07-29 23:00:11,323   Imaginary: 0, Real: 0
2024-07-29 23:00:11,323   Imaginary: 10, Real: 0
2024-07-29 23:00:11,323   Imaginary: 0, Real: 6
2024-07-29 23:00:11,323   Imaginary: 21536, Real: 2048
2024-07-29 23:00:11,323   Imaginary: 4715, Real: 1
2024-07-29 23:00:11,323   Imaginary: 13182, Real: 0
2024-07-29 23:00:11,323   Imaginary: 1, Real: 0
2024-07-29 23:00:11,323   Imaginary: 258, Real: 772
2024-07-29 23:00:11,323   Imaginary: 1286, Real: 1800
2024-07-29 23:00:11,323   Imaginary: 512, Real: 774
2024-07-29 23:00:11,323   Imaginary: 64, Real: 6
2024-07-29 23:00:11,323   Imaginary: 26691, Real: 10
2024-07-29 23:00:11,323   Imaginary: 133, Real: 0
2024-07-29 23:00:11,323   Imaginary: 25857, Real: -13161
2024-07-29 23:00:11,323   Imaginary: 1, Real: 0
2024-07-29 23:00:11,323   Imaginary: 1, Real: 0
2024-07-29 23:00:11,323   Imaginary: 0, Real: 0
2024-07-29 23:00:11,323   Imaginary: 10, Real: 0
2024-07-29 23:00:11,323   Imaginary: 0, Real: 6
2024-07-29 23:00:11,323   Imaginary: 21536, Real: 2048
2024-07-29 23:00:11,323   Imaginary: 4184, Real: 1
2024-07-29 23:00:11,323   Imaginary: 13186, Real: 0
2024-07-29 23:00:11,323   Imaginary: 1, Real: 0
2024-07-29 23:00:11,323   Imaginary: 258, Real: 772
2024-07-29 23:00:11,323   Imaginary: 1286, Real: 1800
2024-07-29 23:00:11,323   Imaginary: 512, Real: 774
2024-07-29 23:00:11,323   Imaginary: 64, Real: 6
2024-07-29 23:00:11,323   Imaginary: 26691, Real: 10
2024-07-29 23:00:11,323   Imaginary: 134, Real: 0
2024-07-29 23:00:11,323   Imaginary: 21739, Real: -12398
2024-07-29 23:00:11,323   Imaginary: 1, Real: 0
2024-07-29 23:00:11,323   Imaginary: 1, Real: 0
2024-07-29 23:00:11,323   Imaginary: 0, Real: 0
2024-07-29 23:00:11,323   Imaginary: 10, Real: 0
2024-07-29 23:00:11,323   Imaginary: 0, Real: 6
2024-07-29 23:00:11,323   Imaginary: 21536, Real: 2048
2024-07-29 23:00:11,323   Imaginary: 4255, Real: 1
2024-07-29 23:00:11,323   Imaginary: 13182, Real: 0
2024-07-29 23:00:11,323   Imaginary: 1, Real: 0
2024-07-29 23:00:11,323   Imaginary: 258, Real: 772
2024-07-29 23:00:11,323   Imaginary: 1286, Real: 1800
2024-07-29 23:00:11,323   Imaginary: 512, Real: 774
2024-07-29 23:00:11,323   Imaginary: 64, Real: 6
2024-07-29 23:00:11,323   Imaginary: 26691, Real: 10
2024-07-29 23:00:11,323   Imaginary: 135, Real: 0
2024-07-29 23:00:11,323   Imaginary: 17208, Real: -11635
2024-07-29 23:00:11,329   Imaginary: 1, Real: 0
2024-07-29 23:00:11,329   Imaginary: 1, Real: 0
2024-07-29 23:00:11,329   Imaginary: 0, Real: 0
2024-07-29 23:00:11,329   Imaginary: 10, Real: 0
2024-07-29 23:00:11,329   Imaginary: 0, Real: 6
2024-07-29 23:00:11,329   Imaginary: 21536, Real: 2048
2024-07-29 23:00:11,329   Imaginary: 3797, Real: 1
2024-07-29 23:00:11,329   Imaginary: 13182, Real: 0
2024-07-29 23:00:11,329   Imaginary: 1, Real: 0
2024-07-29 23:00:11,329   Imaginary: 258, Real: 772
2024-07-29 23:00:11,329   Imaginary: 1286, Real: 1800
2024-07-29 23:00:11,329   Imaginary: 512, Real: 774
2024-07-29 23:00:11,329   Imaginary: 64, Real: 6
2024-07-29 23:00:11,329   Imaginary: 26691, Real: 10
2024-07-29 23:00:11,329   Imaginary: 136, Real: 0
2024-07-29 23:00:11,329   Imaginary: 13295, Real: -10872
2024-07-29 23:00:11,329   Imaginary: 1, Real: 0
2024-07-29 23:00:11,329   Imaginary: 1, Real: 0
2024-07-29 23:00:11,329   Imaginary: 0, Real: 0
2024-07-29 23:00:11,329   Imaginary: 10, Real: 0
2024-07-29 23:00:11,329   Imaginary: 0, Real: 6
2024-07-29 23:00:11,329   Imaginary: 21536, Real: 2048
2024-07-29 23:00:11,329   Imaginary: 3948, Real: 1
2024-07-29 23:00:11,329   Imaginary: 13173, Real: 0
2024-07-29 23:00:11,329   Imaginary: 1, Real: 0
2024-07-29 23:00:11,329   Imaginary: 258, Real: 772
2024-07-29 23:00:11,329   Imaginary: 1286, Real: 1800
2024-07-29 23:00:11,329   Imaginary: 512, Real: 774
2024-07-29 23:00:11,329   Imaginary: 64, Real: 6
2024-07-29 23:00:11,330   Imaginary: 26691, Real: 10
2024-07-29 23:00:11,330   Imaginary: 137, Real: 0
2024-07-29 23:00:11,330   Imaginary: 9267, Real: -10109
2024-07-29 23:00:11,330   Imaginary: 1, Real: 0
2024-07-29 23:00:11,330   Imaginary: 1, Real: 0
2024-07-29 23:00:11,330   Imaginary: 0, Real: 0
2024-07-29 23:00:11,330   Imaginary: 10, Real: 0
2024-07-29 23:00:11,330   Imaginary: 0, Real: 6
2024-07-29 23:00:11,330   Imaginary: 21536, Real: 2048
2024-07-29 23:00:11,330   Imaginary: 3776, Real: 1
2024-07-29 23:00:11,330   Imaginary: 13186, Real: 0
2024-07-29 23:00:11,330   Imaginary: 1, Real: 0
2024-07-29 23:00:11,330   Imaginary: 258, Real: 772
2024-07-29 23:00:11,330   Imaginary: 1286, Real: 1800
2024-07-29 23:00:11,330   Imaginary: 512, Real: 774
2024-07-29 23:00:11,330   Imaginary: 64, Real: 6
2024-07-29 23:00:11,330   Imaginary: 26691, Real: 10
2024-07-29 23:00:11,330   Imaginary: 138, Real: 0
2024-07-29 23:00:11,330   Imaginary: 7389, Real: -9346
2024-07-29 23:00:11,330   Imaginary: 1, Real: 0
2024-07-29 23:00:11,330   Imaginary: 1, Real: 0
2024-07-29 23:00:11,330   Imaginary: 0, Real: 0
2024-07-29 23:00:11,330   Imaginary: 10, Real: 0
2024-07-29 23:00:11,330   Imaginary: 0, Real: 6
2024-07-29 23:00:11,330   Imaginary: 18895, Real: -1942
2024-07-29 23:00:11,330   Imaginary: -14000, Real: 14876
2024-07-29 23:00:11,330   Imaginary: -18587, Real: -17841
2024-07-29 23:00:11,330   Imaginary: -26884, Real: 14933
2024-07-29 23:00:11,330   Imaginary: 258, Real: 772
2024-07-29 23:00:11,330   Imaginary: 1286, Real: 1800
2024-07-29 23:00:11,330   Imaginary: 512, Real: 774
2024-07-29 23:00:11,330   Imaginary: 64, Real: 6
2024-07-29 23:00:11,330   Imaginary: 26691, Real: 10
2024-07-29 23:00:11,330   Imaginary: 139, Real: 0
2024-07-29 23:00:11,330   Imaginary: 1698, Real: -8583
2024-07-29 23:00:11,330   Imaginary: 1, Real: 0
2024-07-29 23:00:11,330   Imaginary: 1, Real: 0
2024-07-29 23:00:11,330   Imaginary: 0, Real: 0
2024-07-29 23:00:11,330   Imaginary: 10, Real: 0
2024-07-29 23:00:11,330   Imaginary: 0, Real: 6
2024-07-29 23:00:11,330   Imaginary: 21536, Real: 2048
2024-07-29 23:00:11,330   Imaginary: 4161, Real: 1
2024-07-29 23:00:11,330   Imaginary: 13186, Real: 0
2024-07-29 23:00:11,330   Imaginary: 1, Real: 0
2024-07-29 23:00:11,330   Imaginary: 258, Real: 772
2024-07-29 23:00:11,330   Imaginary: 1286, Real: 1800
2024-07-29 23:00:11,330   Imaginary: 512, Real: 774
2024-07-29 23:00:11,330   Imaginary: 64, Real: 6
2024-07-29 23:00:11,330   Imaginary: 26691, Real: 10
2024-07-29 23:00:11,330   Imaginary: 140, Real: 0
2024-07-29 23:00:11,330   Imaginary: -1855, Real: -7821
2024-07-29 23:00:11,330   Imaginary: 1, Real: 0
2024-07-29 23:00:11,330   Imaginary: 1, Real: 0
2024-07-29 23:00:11,330   Imaginary: 0, Real: 0
2024-07-29 23:00:11,330   Imaginary: 10, Real: 0
2024-07-29 23:00:11,330   Imaginary: 0, Real: 6
2024-07-29 23:00:11,330   Imaginary: 21536, Real: 2048
2024-07-29 23:00:11,330   Imaginary: 4348, Real: 1
2024-07-29 23:00:11,330   Imaginary: 13186, Real: 0
2024-07-29 23:00:11,330   Imaginary: 1, Real: 0
2024-07-29 23:00:11,330   Imaginary: 258, Real: 772
2024-07-29 23:00:11,330   Imaginary: 1286, Real: 1800
2024-07-29 23:00:11,330   Imaginary: 512, Real: 774
2024-07-29 23:00:11,330   Imaginary: 64, Real: 6
2024-07-29 23:00:11,330   Imaginary: 26691, Real: 10
2024-07-29 23:00:11,330   Imaginary: 141, Real: 0
2024-07-29 23:00:11,330   Imaginary: -6209, Real: -7058
2024-07-29 23:00:11,330   Imaginary: 1, Real: 0
2024-07-29 23:00:11,330   Imaginary: 1, Real: 0
2024-07-29 23:00:11,330   Imaginary: 0, Real: 0
2024-07-29 23:00:11,330   Imaginary: 10, Real: 0
2024-07-29 23:00:11,330   Imaginary: 0, Real: 6
2024-07-29 23:00:11,330   Imaginary: 21536, Real: 2048
2024-07-29 23:00:11,330   Imaginary: 4412, Real: 1
2024-07-29 23:00:11,330   Imaginary: 13173, Real: 0
2024-07-29 23:00:11,330   Imaginary: 1, Real: 0
2024-07-29 23:00:11,330   Imaginary: 258, Real: 772
2024-07-29 23:00:11,330   Imaginary: 1286, Real: 1800
2024-07-29 23:00:11,330   Imaginary: 512, Real: 774
2024-07-29 23:00:11,330   Imaginary: 64, Real: 6
2024-07-29 23:00:11,330   Imaginary: 26691, Real: 10
2024-07-29 23:00:11,330   Imaginary: 142, Real: 0
2024-07-29 23:00:11,330   Imaginary: -7928, Real: -6295
2024-07-29 23:00:11,330   Imaginary: 1, Real: 0
2024-07-29 23:00:11,330   Imaginary: 1, Real: 0
2024-07-29 23:00:11,330   Imaginary: 0, Real: 0
2024-07-29 23:00:11,330   Imaginary: 10, Real: 0
2024-07-29 23:00:11,330   Imaginary: 0, Real: 6
2024-07-29 23:00:11,330   Imaginary: 21536, Real: 2048
2024-07-29 23:00:11,330   Imaginary: 4783, Real: 1
2024-07-29 23:00:11,330   Imaginary: 13186, Real: 0
2024-07-29 23:00:11,330   Imaginary: 1, Real: 0
2024-07-29 23:00:11,330   Imaginary: 258, Real: 772
2024-07-29 23:00:11,330   Imaginary: 1286, Real: 1800
2024-07-29 23:00:11,330   Imaginary: 512, Real: 774
2024-07-29 23:00:11,330   Imaginary: 64, Real: 6
2024-07-29 23:00:11,330   Imaginary: 26691, Real: 10
2024-07-29 23:00:11,330   Imaginary: 143, Real: 0
2024-07-29 23:00:11,330   Imaginary: -10699, Real: -5532
2024-07-29 23:00:11,330   Imaginary: 1, Real: 0
2024-07-29 23:00:11,330   Imaginary: 1, Real: 0
2024-07-29 23:00:11,330   Imaginary: 0, Real: 0
2024-07-29 23:00:11,330   Imaginary: 10, Real: 0
2024-07-29 23:00:11,330   Imaginary: 0, Real: 6
2024-07-29 23:00:11,330   Imaginary: 21536, Real: 2048
2024-07-29 23:00:11,330   Imaginary: 4969, Real: 1
2024-07-29 23:00:11,330   Imaginary: 13182, Real: 0
2024-07-29 23:00:11,330   Imaginary: 1, Real: 0
2024-07-29 23:00:11,330   Imaginary: 258, Real: 772
2024-07-29 23:00:11,330   Imaginary: 1286, Real: 1800
2024-07-29 23:00:11,330   Imaginary: 512, Real: 774
2024-07-29 23:00:11,330   Imaginary: 64, Real: 6
2024-07-29 23:00:11,330   Imaginary: 26691, Real: 10
2024-07-29 23:00:11,330   Imaginary: 144, Real: 0
2024-07-29 23:00:11,330   Imaginary: -18357, Real: -4769
2024-07-29 23:00:11,330   Imaginary: 1, Real: 0
2024-07-29 23:00:11,330   Imaginary: 1, Real: 0
2024-07-29 23:00:11,330   Imaginary: 0, Real: 0
2024-07-29 23:00:11,330   Imaginary: 10, Real: 0
2024-07-29 23:00:11,330   Imaginary: 0, Real: 6
2024-07-29 23:00:11,330   Imaginary: 21536, Real: 2048
2024-07-29 23:00:11,330   Imaginary: 4141, Real: 1
2024-07-29 23:00:11,330   Imaginary: 13186, Real: 0
2024-07-29 23:00:11,330   Imaginary: 1, Real: 0
2024-07-29 23:00:11,330   Imaginary: 258, Real: 772
2024-07-29 23:00:11,330   Imaginary: 1286, Real: 1800
2024-07-29 23:00:11,330   Imaginary: 512, Real: 774
2024-07-29 23:00:11,330   Imaginary: 64, Real: 6
2024-07-29 23:00:11,330   Imaginary: 26691, Real: 10
2024-07-29 23:00:11,330   Imaginary: 145, Real: 0
2024-07-29 23:00:11,330   Imaginary: -22466, Real: -4006
2024-07-29 23:00:11,330   Imaginary: 1, Real: 0
2024-07-29 23:00:11,330   Imaginary: 1, Real: 0
2024-07-29 23:00:11,330   Imaginary: 0, Real: 0
2024-07-29 23:00:11,330   Imaginary: 10, Real: 0
2024-07-29 23:00:11,330   Imaginary: 0, Real: 6
2024-07-29 23:00:11,330   Imaginary: 21536, Real: 2048
2024-07-29 23:00:11,330   Imaginary: 3880, Real: 1
2024-07-29 23:00:11,330   Imaginary: 13186, Real: 0
2024-07-29 23:00:11,330   Imaginary: 1, Real: 0
2024-07-29 23:00:11,330   Imaginary: 258, Real: 772
2024-07-29 23:00:11,330   Imaginary: 1286, Real: 1800
2024-07-29 23:00:11,330   Imaginary: 512, Real: 774
2024-07-29 23:00:11,330   Imaginary: 64, Real: 6
2024-07-29 23:00:11,330   Imaginary: 26691, Real: 10
2024-07-29 23:00:11,330   Imaginary: 146, Real: 0
2024-07-29 23:00:11,330   Imaginary: -23847, Real: -3243
2024-07-29 23:00:11,330   Imaginary: 1, Real: 0
2024-07-29 23:00:11,330   Imaginary: 1, Real: 0
2024-07-29 23:00:11,330   Imaginary: 0, Real: 0
2024-07-29 23:00:11,330   Imaginary: 10, Real: 0
2024-07-29 23:00:11,330   Imaginary: 0, Real: 6
2024-07-29 23:00:11,330   Imaginary: 21536, Real: 2048
2024-07-29 23:00:11,330   Imaginary: 6470, Real: 1
2024-07-29 23:00:11,330   Imaginary: 13173, Real: 0
2024-07-29 23:00:11,330   Imaginary: 1, Real: 0
2024-07-29 23:00:11,330   Imaginary: 258, Real: 772
2024-07-29 23:00:11,330   Imaginary: 1286, Real: 1800
2024-07-29 23:00:11,330   Imaginary: 512, Real: 774
2024-07-29 23:00:11,330   Imaginary: 64, Real: 6
2024-07-29 23:00:11,330   Imaginary: 26691, Real: 10
2024-07-29 23:00:11,330   Imaginary: 147, Real: 0
2024-07-29 23:00:11,330   Imaginary: -28220, Real: -2480
2024-07-29 23:00:11,330   Imaginary: 1, Real: 0
2024-07-29 23:00:11,330   Imaginary: 1, Real: 0
2024-07-29 23:00:11,330   Imaginary: 0, Real: 0
2024-07-29 23:00:11,330   Imaginary: 10, Real: 0
2024-07-29 23:00:11,330   Imaginary: 0, Real: 6
2024-07-29 23:00:11,330   Imaginary: 18895, Real: -1942
2024-07-29 23:00:11,330   Imaginary: -14000, Real: 14876
2024-07-29 23:00:11,330   Imaginary: -18587, Real: -17841
2024-07-29 23:00:11,330   Imaginary: -26884, Real: 14933
2024-07-29 23:00:11,330   Imaginary: 258, Real: 772
2024-07-29 23:00:11,330   Imaginary: 1286, Real: 1800
2024-07-29 23:00:11,330   Imaginary: 512, Real: 774
2024-07-29 23:00:11,330   Imaginary: 64, Real: 6
2024-07-29 23:00:11,330   Imaginary: 26691, Real: 10
2024-07-29 23:00:11,330   Imaginary: 148, Real: 0
2024-07-29 23:00:11,330   Imaginary: -3292, Real: -1717
2024-07-29 23:00:11,336   Imaginary: 2, Real: 0
2024-07-29 23:00:11,336   Imaginary: 1, Real: 0
2024-07-29 23:00:11,336   Imaginary: 0, Real: 0
2024-07-29 23:00:11,336   Imaginary: 10, Real: 0
2024-07-29 23:00:11,336   Imaginary: 0, Real: 6
2024-07-29 23:00:11,336   Imaginary: 21536, Real: 2048
2024-07-29 23:00:11,336   Imaginary: 26370, Real: 1
2024-07-29 23:00:11,336   Imaginary: 21618, Real: 0
2024-07-29 23:00:11,336   Imaginary: 2, Real: 0
2024-07-29 23:00:11,336   Imaginary: 258, Real: 772
2024-07-29 23:00:11,336   Imaginary: 1286, Real: 1800
2024-07-29 23:00:11,336   Imaginary: 512, Real: 774
2024-07-29 23:00:11,336   Imaginary: 64, Real: 6
2024-07-29 23:00:11,336   Imaginary: 26691, Real: 10
2024-07-29 23:00:11,336   Imaginary: 149, Real: 0
2024-07-29 23:00:11,336   Imaginary: -6387, Real: -954
2024-07-29 23:00:11,336   Imaginary: 2, Real: 0
2024-07-29 23:00:11,336   Imaginary: 1, Real: 0
2024-07-29 23:00:11,336   Imaginary: 0, Real: 0
2024-07-29 23:00:11,336   Imaginary: 10, Real: 0
2024-07-29 23:00:11,336   Imaginary: 0, Real: 6
2024-07-29 23:00:11,336   Imaginary: 21536, Real: 2048
2024-07-29 23:00:11,336   Imaginary: 27147, Real: 1
2024-07-29 23:00:11,336   Imaginary: 21622, Real: 0
2024-07-29 23:00:11,336   Imaginary: 2, Real: 0
2024-07-29 23:00:11,336   Imaginary: 258, Real: 772
2024-07-29 23:00:11,336   Imaginary: 1286, Real: 1800
2024-07-29 23:00:11,336   Imaginary: 512, Real: 774
2024-07-29 23:00:11,336   Imaginary: 64, Real: 6
2024-07-29 23:00:11,337   Imaginary: 26691, Real: 10
2024-07-29 23:00:11,337   Imaginary: 150, Real: 0
2024-07-29 23:00:11,337   Imaginary: -11415, Real: -191
2024-07-29 23:00:11,337   Imaginary: 2, Real: 0
2024-07-29 23:00:11,337   Imaginary: 1, Real: 0
2024-07-29 23:00:11,337   Imaginary: 0, Real: 0
2024-07-29 23:00:11,337   Imaginary: 10, Real: 0
2024-07-29 23:00:11,337   Imaginary: 0, Real: 6
2024-07-29 23:00:11,337   Imaginary: 21536, Real: 2048
2024-07-29 23:00:11,337   Imaginary: 25993, Real: 1
2024-07-29 23:00:11,337   Imaginary: 21711, Real: 0
2024-07-29 23:00:11,337   Imaginary: 2, Real: 0
2024-07-29 23:00:11,337   Imaginary: 258, Real: 772
2024-07-29 23:00:11,337   Imaginary: 1286, Real: 1800
2024-07-29 23:00:11,337   Imaginary: 512, Real: 774
2024-07-29 23:00:11,337   Imaginary: 64, Real: 6
2024-07-29 23:00:11,337   Imaginary: 26691, Real: 10
2024-07-29 23:00:11,337   Imaginary: 151, Real: 0
2024-07-29 23:00:11,337   Imaginary: 19443, Real: 572
2024-07-29 23:00:11,337   Imaginary: 1, Real: 0
2024-07-29 23:00:11,337   Imaginary: 1, Real: 0
2024-07-29 23:00:11,337   Imaginary: 0, Real: 0
2024-07-29 23:00:11,337   Imaginary: 10, Real: 0
2024-07-29 23:00:11,337   Imaginary: 0, Real: 6
2024-07-29 23:00:11,337   Imaginary: 21536, Real: 2048
2024-07-29 23:00:11,337   Imaginary: 4109, Real: 1
2024-07-29 23:00:11,337   Imaginary: 13173, Real: 0
2024-07-29 23:00:11,337   Imaginary: 1, Real: 0
2024-07-29 23:00:11,337   Imaginary: 258, Real: 772
2024-07-29 23:00:11,337   Imaginary: 1286, Real: 1800
2024-07-29 23:00:11,337   Imaginary: 512, Real: 774
2024-07-29 23:00:11,337   Imaginary: 64, Real: 6
2024-07-29 23:00:11,338   Imaginary: 26691, Real: 10
2024-07-29 23:00:11,338   Imaginary: 152, Real: 0
2024-07-29 23:00:11,338   Imaginary: 15244, Real: 1335
2024-07-29 23:00:11,338   Imaginary: 1, Real: 0
2024-07-29 23:00:11,338   Imaginary: 1, Real: 0
2024-07-29 23:00:11,338   Imaginary: 0, Real: 0
2024-07-29 23:00:11,338   Imaginary: 10, Real: 0
2024-07-29 23:00:11,338   Imaginary: 0, Real: 6
2024-07-29 23:00:11,338   Imaginary: 21536, Real: 2048
2024-07-29 23:00:11,338   Imaginary: 3844, Real: 1
2024-07-29 23:00:11,338   Imaginary: 13186, Real: 0
2024-07-29 23:00:11,338   Imaginary: 1, Real: 0
2024-07-29 23:00:11,338   Imaginary: 258, Real: 772
2024-07-29 23:00:11,338   Imaginary: 1286, Real: 1800
2024-07-29 23:00:11,338   Imaginary: 512, Real: 774
2024-07-29 23:00:11,338   Imaginary: 64, Real: 6
2024-07-29 23:00:11,338   Imaginary: 26691, Real: 10
2024-07-29 23:00:11,338   Imaginary: 153, Real: 0
2024-07-29 23:00:11,338   Imaginary: 11428, Real: 2098
2024-07-29 23:00:11,338   Imaginary: 1, Real: 0
2024-07-29 23:00:11,338   Imaginary: 1, Real: 0
2024-07-29 23:00:11,338   Imaginary: 0, Real: 0
2024-07-29 23:00:11,338   Imaginary: 10, Real: 0
2024-07-29 23:00:11,338   Imaginary: 0, Real: 6
2024-07-29 23:00:11,338   Imaginary: 21536, Real: 2048
2024-07-29 23:00:11,338   Imaginary: 3989, Real: 1
2024-07-29 23:00:11,338   Imaginary: 13186, Real: 0
2024-07-29 23:00:11,338   Imaginary: 1, Real: 0
2024-07-29 23:00:11,338   Imaginary: 258, Real: 772
2024-07-29 23:00:11,338   Imaginary: 1286, Real: 1800
2024-07-29 23:00:11,338   Imaginary: 512, Real: 774
2024-07-29 23:00:11,338   Imaginary: 64, Real: 6
2024-07-29 23:00:11,338   Imaginary: 26691, Real: 10
2024-07-29 23:00:11,338   Imaginary: 154, Real: 0
2024-07-29 23:00:11,338   Imaginary: -26797, Real: 2861
2024-07-29 23:00:11,338   Imaginary: 2, Real: 0
2024-07-29 23:00:11,338   Imaginary: 1, Real: 0
2024-07-29 23:00:11,338   Imaginary: 0, Real: 0
2024-07-29 23:00:11,338   Imaginary: 10, Real: 0
2024-07-29 23:00:11,338   Imaginary: 0, Real: 6
2024-07-29 23:00:11,338   Imaginary: 21536, Real: 2048
2024-07-29 23:00:11,338   Imaginary: 26567, Real: 1
2024-07-29 23:00:11,338   Imaginary: 21623, Real: 0
2024-07-29 23:00:11,338   Imaginary: 2, Real: 0
2024-07-29 23:00:11,338   Imaginary: 258, Real: 772
2024-07-29 23:00:11,338   Imaginary: 1286, Real: 1800
2024-07-29 23:00:11,338   Imaginary: 512, Real: 774
2024-07-29 23:00:11,338   Imaginary: 64, Real: 6
2024-07-29 23:00:11,338   Imaginary: 26691, Real: 10
2024-07-29 23:00:11,338   Imaginary: 155, Real: 0
2024-07-29 23:00:11,338   Imaginary: -31453, Real: 3624
2024-07-29 23:00:11,338   Imaginary: 2, Real: 0
2024-07-29 23:00:11,338   Imaginary: 1, Real: 0
2024-07-29 23:00:11,338   Imaginary: 0, Real: 0
2024-07-29 23:00:11,338   Imaginary: 10, Real: 0
2024-07-29 23:00:11,338   Imaginary: 0, Real: 6
2024-07-29 23:00:11,338   Imaginary: 21536, Real: 2048
2024-07-29 23:00:11,338   Imaginary: 25905, Real: 1
2024-07-29 23:00:11,338   Imaginary: 21618, Real: 0
2024-07-29 23:00:11,338   Imaginary: 2, Real: 0
2024-07-29 23:00:11,338   Imaginary: 258, Real: 772
2024-07-29 23:00:11,338   Imaginary: 1286, Real: 1800
2024-07-29 23:00:11,338   Imaginary: 512, Real: 774
2024-07-29 23:00:11,338   Imaginary: 64, Real: 6
2024-07-29 23:00:11,338   Imaginary: 26691, Real: 10
2024-07-29 23:00:11,338   Imaginary: 156, Real: 0
2024-07-29 23:00:11,338   Imaginary: 31845, Real: 4387
2024-07-29 23:00:11,338   Imaginary: 2, Real: 0
2024-07-29 23:00:11,338   Imaginary: 1, Real: 0
2024-07-29 23:00:11,338   Imaginary: 0, Real: 0
2024-07-29 23:00:11,338   Imaginary: 10, Real: 0
2024-07-29 23:00:11,338   Imaginary: 0, Real: 6
2024-07-29 23:00:11,338   Imaginary: 21536, Real: 2048
2024-07-29 23:00:11,338   Imaginary: 27540, Real: 1
2024-07-29 23:00:11,338   Imaginary: 21609, Real: 0
2024-07-29 23:00:11,338   Imaginary: 2, Real: 0
2024-07-29 23:00:11,338   Imaginary: 258, Real: 772
2024-07-29 23:00:11,338   Imaginary: 1286, Real: 1800
2024-07-29 23:00:11,338   Imaginary: 512, Real: 774
2024-07-29 23:00:11,338   Imaginary: 64, Real: 6
2024-07-29 23:00:11,338   Imaginary: 26691, Real: 10
2024-07-29 23:00:11,338   Imaginary: 157, Real: 0
2024-07-29 23:00:11,338   Imaginary: 27285, Real: 5150
2024-07-29 23:00:11,338   Imaginary: 2, Real: 0
2024-07-29 23:00:11,338   Imaginary: 1, Real: 0
2024-07-29 23:00:11,338   Imaginary: 0, Real: 0
2024-07-29 23:00:11,338   Imaginary: 10, Real: 0
2024-07-29 23:00:11,338   Imaginary: 0, Real: 6
2024-07-29 23:00:11,338   Imaginary: 21536, Real: 2048
2024-07-29 23:00:11,338   Imaginary: 27045, Real: 1
2024-07-29 23:00:11,338   Imaginary: 21622, Real: 0
2024-07-29 23:00:11,338   Imaginary: 2, Real: 0
2024-07-29 23:00:11,338   Imaginary: 258, Real: 772
2024-07-29 23:00:11,338   Imaginary: 1286, Real: 1800
2024-07-29 23:00:11,338   Imaginary: 512, Real: 774
2024-07-29 23:00:11,338   Imaginary: 64, Real: 6
2024-07-29 23:00:11,338   Imaginary: 26691, Real: 10
2024-07-29 23:00:11,338   Imaginary: 158, Real: 0
2024-07-29 23:00:11,338   Imaginary: -8675, Real: 5912
2024-07-29 23:00:11,338   Imaginary: 1, Real: 0
2024-07-29 23:00:11,338   Imaginary: 1, Real: 0
2024-07-29 23:00:11,338   Imaginary: 0, Real: 0
2024-07-29 23:00:11,338   Imaginary: 10, Real: 0
2024-07-29 23:00:11,338   Imaginary: 0, Real: 6
2024-07-29 23:00:11,338   Imaginary: 21536, Real: 2048
2024-07-29 23:00:11,338   Imaginary: 3832, Real: 1
2024-07-29 23:00:11,338   Imaginary: 13186, Real: 0
2024-07-29 23:00:11,338   Imaginary: 1, Real: 0
2024-07-29 23:00:11,338   Imaginary: 258, Real: 772
2024-07-29 23:00:11,338   Imaginary: 1286, Real: 1800
2024-07-29 23:00:11,338   Imaginary: 512, Real: 774
2024-07-29 23:00:11,338   Imaginary: 64, Real: 6
2024-07-29 23:00:11,338   Imaginary: 26691, Real: 10
2024-07-29 23:00:11,338   Imaginary: 159, Real: 0
2024-07-29 23:00:11,338   Imaginary: -12670, Real: 6675
2024-07-29 23:00:11,338   Imaginary: 1, Real: 0
2024-07-29 23:00:11,338   Imaginary: 1, Real: 0
2024-07-29 23:00:11,338   Imaginary: 0, Real: 0
2024-07-29 23:00:11,338   Imaginary: 10, Real: 0
2024-07-29 23:00:11,338   Imaginary: 0, Real: 6
2024-07-29 23:00:11,338   Imaginary: 21536, Real: 2048
2024-07-29 23:00:11,338   Imaginary: 3592, Real: 1
2024-07-29 23:00:11,338   Imaginary: 13186, Real: 0
2024-07-29 23:00:11,338   Imaginary: 1, Real: 0
2024-07-29 23:00:11,338   Imaginary: 258, Real: 772
2024-07-29 23:00:11,338   Imaginary: 1286, Real: 1800
2024-07-29 23:00:11,338   Imaginary: 512, Real: 774
2024-07-29 23:00:11,338   Imaginary: 64, Real: 6
2024-07-29 23:00:11,338   Imaginary: 26691, Real: 10
2024-07-29 23:00:11,338   Imaginary: 160, Real: 0
2024-07-29 23:00:11,338   Imaginary: -16186, Real: 7438
2024-07-29 23:00:11,338   Imaginary: 1, Real: 0
2024-07-29 23:00:11,338   Imaginary: 1, Real: 0
2024-07-29 23:00:11,338   Imaginary: 0, Real: 0
2024-07-29 23:00:11,338   Imaginary: 10, Real: 0
2024-07-29 23:00:11,338   Imaginary: 0, Real: 6
2024-07-29 23:00:11,338   Imaginary: 21536, Real: 2048
2024-07-29 23:00:11,338   Imaginary: 4056, Real: 1
2024-07-29 23:00:11,338   Imaginary: 13186, Real: 0
2024-07-29 23:00:11,338   Imaginary: 1, Real: 0
2024-07-29 23:00:11,338   Imaginary: 258, Real: 772
2024-07-29 23:00:11,338   Imaginary: 1286, Real: 1800
2024-07-29 23:00:11,338   Imaginary: 512, Real: 774
2024-07-29 23:00:11,338   Imaginary: 64, Real: 6
2024-07-29 23:00:11,338   Imaginary: 26691, Real: 10
2024-07-29 23:00:11,343   Imaginary: 161, Real: 0
2024-07-29 23:00:11,343   Imaginary: -20726, Real: 8201
2024-07-29 23:00:11,343   Imaginary: 1, Real: 0
2024-07-29 23:00:11,343   Imaginary: 1, Real: 0
2024-07-29 23:00:11,343   Imaginary: 0, Real: 0
2024-07-29 23:00:11,343   Imaginary: 10, Real: 0
2024-07-29 23:00:11,343   Imaginary: 0, Real: 6
2024-07-29 23:00:11,343   Imaginary: 21536, Real: 2048
2024-07-29 23:00:11,343   Imaginary: 3804, Real: 1
2024-07-29 23:00:11,343   Imaginary: 13173, Real: 0
2024-07-29 23:00:11,343   Imaginary: 1, Real: 0
2024-07-29 23:00:11,343   Imaginary: 258, Real: 772
2024-07-29 23:00:11,343   Imaginary: 1286, Real: 1800
2024-07-29 23:00:11,343   Imaginary: 512, Real: 774
2024-07-29 23:00:11,343   Imaginary: 64, Real: 6
2024-07-29 23:00:11,343   Imaginary: 26691, Real: 10
2024-07-29 23:00:11,343   Imaginary: 162, Real: 0
2024-07-29 23:00:11,343   Imaginary: -24257, Real: 8964
2024-07-29 23:00:11,343   Imaginary: 1, Real: 0
2024-07-29 23:00:11,343   Imaginary: 1, Real: 0
2024-07-29 23:00:11,343   Imaginary: 0, Real: 0
2024-07-29 23:00:11,343   Imaginary: 10, Real: 0
2024-07-29 23:00:11,343   Imaginary: 0, Real: 6
2024-07-29 23:00:11,343   Imaginary: 21536, Real: 2048
2024-07-29 23:00:11,343   Imaginary: 4118, Real: 1
2024-07-29 23:00:11,343   Imaginary: 13186, Real: 0
2024-07-29 23:00:11,343   Imaginary: 1, Real: 0
2024-07-29 23:00:11,343   Imaginary: 258, Real: 772
2024-07-29 23:00:11,343   Imaginary: 1286, Real: 1800
2024-07-29 23:00:11,344   Imaginary: 512, Real: 774
2024-07-29 23:00:11,344   Imaginary: 64, Real: 6
2024-07-29 23:00:11,344   Imaginary: 26691, Real: 10
2024-07-29 23:00:11,344   Imaginary: 163, Real: 0
2024-07-29 23:00:11,344   Imaginary: -27508, Real: 9727
2024-07-29 23:00:11,344   Imaginary: 1, Real: 0
2024-07-29 23:00:11,344   Imaginary: 1, Real: 0
2024-07-29 23:00:11,344   Imaginary: 0, Real: 0
2024-07-29 23:00:11,344   Imaginary: 10, Real: 0
2024-07-29 23:00:11,344   Imaginary: 0, Real: 6
2024-07-29 23:00:11,344   Imaginary: 21536, Real: 2048
2024-07-29 23:00:11,344   Imaginary: 4422, Real: 1
2024-07-29 23:00:11,344   Imaginary: 13186, Real: 0
2024-07-29 23:00:11,344   Imaginary: 1, Real: 0
2024-07-29 23:00:11,344   Imaginary: 258, Real: 772
2024-07-29 23:00:11,344   Imaginary: 1286, Real: 1800
2024-07-29 23:00:11,344   Imaginary: 512, Real: 774
2024-07-29 23:00:11,344   Imaginary: 64, Real: 6
2024-07-29 23:00:11,344   Imaginary: 26691, Real: 10
2024-07-29 23:00:11,344   Imaginary: 164, Real: 0
2024-07-29 23:00:11,344   Imaginary: -31954, Real: 10490
2024-07-29 23:00:11,344   Imaginary: 1, Real: 0
2024-07-29 23:00:11,344   Imaginary: 1, Real: 0
2024-07-29 23:00:11,344   Imaginary: 0, Real: 0
2024-07-29 23:00:11,344   Imaginary: 10, Real: 0
2024-07-29 23:00:11,344   Imaginary: 0, Real: 6
2024-07-29 23:00:11,344   Imaginary: 21536, Real: 2048
2024-07-29 23:00:11,344   Imaginary: 4278, Real: 1
2024-07-29 23:00:11,344   Imaginary: 13182, Real: 0
2024-07-29 23:00:11,344   Imaginary: 1, Real: 0
2024-07-29 23:00:11,344   Imaginary: 258, Real: 772
2024-07-29 23:00:11,344   Imaginary: 1286, Real: 1800
2024-07-29 23:00:11,344   Imaginary: 512, Real: 774
2024-07-29 23:00:11,344   Imaginary: 64, Real: 6
2024-07-29 23:00:11,344   Imaginary: 26691, Real: 10
2024-07-29 23:00:11,344   Imaginary: 165, Real: 0
2024-07-29 23:00:11,344   Imaginary: 29610, Real: 11253
2024-07-29 23:00:11,344   Imaginary: 1, Real: 0
2024-07-29 23:00:11,344   Imaginary: 1, Real: 0
2024-07-29 23:00:11,344   Imaginary: 0, Real: 0
2024-07-29 23:00:11,344   Imaginary: 10, Real: 0
2024-07-29 23:00:11,344   Imaginary: 0, Real: 6
2024-07-29 23:00:11,344   Imaginary: 21536, Real: 2048
2024-07-29 23:00:11,344   Imaginary: 4136, Real: 1
2024-07-29 23:00:11,344   Imaginary: 13186, Real: 0
2024-07-29 23:00:11,344   Imaginary: 1, Real: 0
2024-07-29 23:00:11,344   Imaginary: 258, Real: 772
2024-07-29 23:00:11,344   Imaginary: 1286, Real: 1800
2024-07-29 23:00:11,344   Imaginary: 512, Real: 774
2024-07-29 23:00:11,344   Imaginary: 64, Real: 6
2024-07-29 23:00:11,344   Imaginary: 26691, Real: 10
2024-07-29 23:00:11,344   Imaginary: 166, Real: 0
2024-07-29 23:00:11,344   Imaginary: 25140, Real: 12016
2024-07-29 23:00:11,344   Imaginary: 1, Real: 0
2024-07-29 23:00:11,344   Imaginary: 1, Real: 0
2024-07-29 23:00:11,344   Imaginary: 0, Real: 0
2024-07-29 23:00:11,344   Imaginary: 10, Real: 0
2024-07-29 23:00:11,344   Imaginary: 0, Real: 6
2024-07-29 23:00:11,344   Imaginary: 21536, Real: 2048
2024-07-29 23:00:11,344   Imaginary: 3974, Real: 1
2024-07-29 23:00:11,344   Imaginary: 13173, Real: 0
2024-07-29 23:00:11,344   Imaginary: 1, Real: 0
2024-07-29 23:00:11,344   Imaginary: 258, Real: 772
2024-07-29 23:00:11,344   Imaginary: 1286, Real: 1800
2024-07-29 23:00:11,344   Imaginary: 512, Real: 774
2024-07-29 23:00:11,344   Imaginary: 64, Real: 6
2024-07-29 23:00:11,344   Imaginary: 26691, Real: 10
2024-07-29 23:00:11,344   Imaginary: 167, Real: 0
2024-07-29 23:00:11,344   Imaginary: 21295, Real: 12779
2024-07-29 23:00:11,344   Imaginary: 1, Real: 0
2024-07-29 23:00:11,344   Imaginary: 1, Real: 0
2024-07-29 23:00:11,344   Imaginary: 0, Real: 0
2024-07-29 23:00:11,344   Imaginary: 10, Real: 0
2024-07-29 23:00:11,344   Imaginary: 0, Real: 6
2024-07-29 23:00:11,344   Imaginary: 21536, Real: 2048
2024-07-29 23:00:11,344   Imaginary: 3967, Real: 1
2024-07-29 23:00:11,344   Imaginary: 13186, Real: 0
2024-07-29 23:00:11,344   Imaginary: 1, Real: 0
2024-07-29 23:00:11,344   Imaginary: 258, Real: 772
2024-07-29 23:00:11,344   Imaginary: 1286, Real: 1800
2024-07-29 23:00:11,344   Imaginary: 512, Real: 774
2024-07-29 23:00:11,344   Imaginary: 64, Real: 6
2024-07-29 23:00:11,344   Imaginary: 26691, Real: 10
2024-07-29 23:00:11,344   Imaginary: 168, Real: 0
2024-07-29 23:00:11,344   Imaginary: 17430, Real: 13542
2024-07-29 23:00:11,344   Imaginary: 1, Real: 0
2024-07-29 23:00:11,344   Imaginary: 1, Real: 0
2024-07-29 23:00:11,344   Imaginary: 0, Real: 0
2024-07-29 23:00:11,344   Imaginary: 10, Real: 0
2024-07-29 23:00:11,344   Imaginary: 0, Real: 6
2024-07-29 23:00:11,344   Imaginary: 21536, Real: 2048
2024-07-29 23:00:11,344   Imaginary: 3975, Real: 1
2024-07-29 23:00:11,344   Imaginary: 13186, Real: 0
2024-07-29 23:00:11,344   Imaginary: 1, Real: 0
2024-07-29 23:00:11,344   Imaginary: 258, Real: 772
2024-07-29 23:00:11,344   Imaginary: 1286, Real: 1800
2024-07-29 23:00:11,344   Imaginary: 512, Real: 774
2024-07-29 23:00:11,344   Imaginary: 64, Real: 6
2024-07-29 23:00:11,344   Imaginary: 26691, Real: 10
2024-07-29 23:00:11,344   Imaginary: 169, Real: 0
2024-07-29 23:00:11,344   Imaginary: 13580, Real: 14305
2024-07-29 23:00:11,344   Imaginary: 1, Real: 0
2024-07-29 23:00:11,344   Imaginary: 1, Real: 0
2024-07-29 23:00:11,344   Imaginary: 0, Real: 0
2024-07-29 23:00:11,344   Imaginary: 10, Real: 0
2024-07-29 23:00:11,344   Imaginary: 0, Real: 6
2024-07-29 23:00:11,344   Imaginary: 21536, Real: 2048
2024-07-29 23:00:11,344   Imaginary: 4093, Real: 1
2024-07-29 23:00:11,344   Imaginary: 13186, Real: 0
2024-07-29 23:00:11,344   Imaginary: 1, Real: 0
2024-07-29 23:00:11,344   Imaginary: 258, Real: 772
2024-07-29 23:00:11,344   Imaginary: 1286, Real: 1800
2024-07-29 23:00:11,344   Imaginary: 512, Real: 774
2024-07-29 23:00:11,344   Imaginary: 64, Real: 6
2024-07-29 23:00:11,344   Imaginary: 26691, Real: 10
2024-07-29 23:00:11,344   Imaginary: 170, Real: 0
2024-07-29 23:00:11,344   Imaginary: 9541, Real: 15068
2024-07-29 23:00:11,344   Imaginary: 1, Real: 0
2024-07-29 23:00:11,344   Imaginary: 1, Real: 0
2024-07-29 23:00:11,344   Imaginary: 0, Real: 0
2024-07-29 23:00:11,344   Imaginary: 10, Real: 0
2024-07-29 23:00:11,344   Imaginary: 0, Real: 6
2024-07-29 23:00:11,344   Imaginary: 21536, Real: 2048
2024-07-29 23:00:11,344   Imaginary: 3920, Real: 1
2024-07-29 23:00:11,344   Imaginary: 13186, Real: 0
2024-07-29 23:00:11,344   Imaginary: 1, Real: 0
2024-07-29 23:00:11,344   Imaginary: 258, Real: 772
2024-07-29 23:00:11,344   Imaginary: 1286, Real: 1800
2024-07-29 23:00:11,344   Imaginary: 512, Real: 774
2024-07-29 23:00:11,344   Imaginary: 64, Real: 6
2024-07-29 23:00:11,344   Imaginary: 26691, Real: 10
2024-07-29 23:00:11,344   Imaginary: 171, Real: 0
2024-07-29 23:00:11,344   Imaginary: 7934, Real: 15831
2024-07-29 23:00:11,344   Imaginary: 1, Real: 0
2024-07-29 23:00:11,344   Imaginary: 1, Real: 0
2024-07-29 23:00:11,344   Imaginary: 0, Real: 0
2024-07-29 23:00:11,344   Imaginary: 10, Real: 0
2024-07-29 23:00:11,344   Imaginary: 0, Real: 6
2024-07-29 23:00:11,344   Imaginary: 21536, Real: 2048
2024-07-29 23:00:11,344   Imaginary: 6503, Real: 1
2024-07-29 23:00:11,344   Imaginary: 13173, Real: 0
2024-07-29 23:00:11,344   Imaginary: 1, Real: 0
2024-07-29 23:00:11,344   Imaginary: 258, Real: 772
2024-07-29 23:00:11,344   Imaginary: 1286, Real: 1800
2024-07-29 23:00:11,344   Imaginary: 512, Real: 774
2024-07-29 23:00:11,344   Imaginary: 64, Real: 6
2024-07-29 23:00:11,344   Imaginary: 26691, Real: 10
2024-07-29 23:00:11,344   Imaginary: 172, Real: 0
2024-07-29 23:00:11,344   Imaginary: 1624, Real: 16594
2024-07-29 23:00:11,344   Imaginary: 1, Real: 0
2024-07-29 23:00:11,344   Imaginary: 1, Real: 0
2024-07-29 23:00:11,344   Imaginary: 0, Real: 0
2024-07-29 23:00:11,344   Imaginary: 10, Real: 0
2024-07-29 23:00:11,344   Imaginary: 0, Real: 6
2024-07-29 23:00:11,344   Imaginary: 21536, Real: 2048
2024-07-29 23:00:11,344   Imaginary: 4060, Real: 1
2024-07-29 23:00:11,344   Imaginary: 13182, Real: 0
2024-07-29 23:00:11,344   Imaginary: 1, Real: 0
2024-07-29 23:00:11,344   Imaginary: 258, Real: 772
2024-07-29 23:00:11,344   Imaginary: 1286, Real: 1800
2024-07-29 23:00:11,344   Imaginary: 512, Real: 774
2024-07-29 23:00:11,344   Imaginary: 64, Real: 6
2024-07-29 23:00:11,344   Imaginary: 26691, Real: 10
2024-07-29 23:00:11,344   Imaginary: 173, Real: 0
2024-07-29 23:00:11,344   Imaginary: -1606, Real: 17356
2024-07-29 23:00:11,344   Imaginary: 1, Real: 0
2024-07-29 23:00:11,344   Imaginary: 1, Real: 0
2024-07-29 23:00:11,344   Imaginary: 0, Real: 0
2024-07-29 23:00:11,344   Imaginary: 10, Real: 0
2024-07-29 23:00:11,344   Imaginary: 0, Real: 6
2024-07-29 23:00:11,344   Imaginary: 21536, Real: 2048
2024-07-29 23:00:11,344   Imaginary: 4664, Real: 1
2024-07-29 23:00:11,344   Imaginary: 13186, Real: 0
2024-07-29 23:00:11,344   Imaginary: 1, Real: 0
2024-07-29 23:00:11,344   Imaginary: 258, Real: 772
2024-07-29 23:00:11,344   Imaginary: 1286, Real: 1800
2024-07-29 23:00:11,344   Imaginary: 512, Real: 774
2024-07-29 23:00:11,344   Imaginary: 64, Real: 6
2024-07-29 23:00:11,344   Imaginary: 26691, Real: 10
2024-07-29 23:00:11,344   Imaginary: 174, Real: 0
2024-07-29 23:00:11,344   Imaginary: -6041, Real: 18119
2024-07-29 23:00:11,350   Imaginary: 1, Real: 0
2024-07-29 23:00:11,350   Imaginary: 1, Real: 0
2024-07-29 23:00:11,350   Imaginary: 0, Real: 0
2024-07-29 23:00:11,350   Imaginary: 10, Real: 0
2024-07-29 23:00:11,350   Imaginary: 0, Real: 6
2024-07-29 23:00:11,350   Imaginary: 21536, Real: 2048
2024-07-29 23:00:11,350   Imaginary: 4330, Real: 1
2024-07-29 23:00:11,350   Imaginary: 13182, Real: 0
2024-07-29 23:00:11,350   Imaginary: 1, Real: 0
2024-07-29 23:00:11,350   Imaginary: 258, Real: 772
2024-07-29 23:00:11,350   Imaginary: 1286, Real: 1800
2024-07-29 23:00:11,350   Imaginary: 512, Real: 774
2024-07-29 23:00:11,350   Imaginary: 64, Real: 6
2024-07-29 23:00:11,350   Imaginary: 26691, Real: 10
2024-07-29 23:00:11,350   Imaginary: 175, Real: 0
2024-07-29 23:00:11,350   Imaginary: -9958, Real: 18882
2024-07-29 23:00:11,350   Imaginary: 1, Real: 0
2024-07-29 23:00:11,350   Imaginary: 1, Real: 0
2024-07-29 23:00:11,350   Imaginary: 0, Real: 0
2024-07-29 23:00:11,350   Imaginary: 10, Real: 0
2024-07-29 23:00:11,350   Imaginary: 0, Real: 6
2024-07-29 23:00:11,350   Imaginary: 21536, Real: 2048
2024-07-29 23:00:11,350   Imaginary: 4471, Real: 1
2024-07-29 23:00:11,350   Imaginary: 13182, Real: 0
2024-07-29 23:00:11,350   Imaginary: 1, Real: 0
2024-07-29 23:00:11,350   Imaginary: 258, Real: 772
2024-07-29 23:00:11,350   Imaginary: 1286, Real: 1800
2024-07-29 23:00:11,350   Imaginary: 512, Real: 774
2024-07-29 23:00:11,351   Imaginary: 64, Real: 6
2024-07-29 23:00:11,351   Imaginary: 26691, Real: 10
2024-07-29 23:00:11,351   Imaginary: 176, Real: 0
2024-07-29 23:00:11,351   Imaginary: -14255, Real: 19645
2024-07-29 23:00:11,351   Imaginary: 1, Real: 0
2024-07-29 23:00:11,351   Imaginary: 1, Real: 0
2024-07-29 23:00:11,351   Imaginary: 0, Real: 0
2024-07-29 23:00:11,351   Imaginary: 10, Real: 0
2024-07-29 23:00:11,351   Imaginary: 0, Real: 6
2024-07-29 23:00:11,351   Imaginary: 21536, Real: 2048
2024-07-29 23:00:11,351   Imaginary: 4161, Real: 1
2024-07-29 23:00:11,351   Imaginary: 13173, Real: 0
2024-07-29 23:00:11,351   Imaginary: 1, Real: 0
2024-07-29 23:00:11,351   Imaginary: 258, Real: 772
2024-07-29 23:00:11,351   Imaginary: 1286, Real: 1800
2024-07-29 23:00:11,351   Imaginary: 512, Real: 774
2024-07-29 23:00:11,351   Imaginary: 64, Real: 6
2024-07-29 23:00:11,351   Imaginary: 26691, Real: 10
2024-07-29 23:00:11,351   Imaginary: 177, Real: 0
2024-07-29 23:00:11,351   Imaginary: 17103, Real: 20409
2024-07-29 23:00:11,351   Imaginary: 3, Real: 0
2024-07-29 23:00:11,351   Imaginary: 1, Real: 0
2024-07-29 23:00:11,351   Imaginary: 0, Real: 0
2024-07-29 23:00:11,351   Imaginary: 10, Real: 0
2024-07-29 23:00:11,351   Imaginary: 0, Real: 6
2024-07-29 23:00:11,351   Imaginary: 21536, Real: 2048
2024-07-29 23:00:11,351   Imaginary: 30572, Real: 1
2024-07-29 23:00:11,351   Imaginary: 21622, Real: 0
2024-07-29 23:00:11,351   Imaginary: 3, Real: 0
2024-07-29 23:00:11,351   Imaginary: 258, Real: 772
2024-07-29 23:00:11,351   Imaginary: 1286, Real: 1800
2024-07-29 23:00:11,351   Imaginary: 512, Real: 774
2024-07-29 23:00:11,351   Imaginary: 64, Real: 6
2024-07-29 23:00:11,351   Imaginary: 26691, Real: 10
2024-07-29 23:00:11,351   Imaginary: 178, Real: 0
2024-07-29 23:00:11,351   Imaginary: -21842, Real: 21171
2024-07-29 23:00:11,351   Imaginary: 1, Real: 0
2024-07-29 23:00:11,351   Imaginary: 1, Real: 0
2024-07-29 23:00:11,351   Imaginary: 0, Real: 0
2024-07-29 23:00:11,351   Imaginary: 10, Real: 0
2024-07-29 23:00:11,351   Imaginary: 0, Real: 6
2024-07-29 23:00:11,351   Imaginary: 21536, Real: 2048
2024-07-29 23:00:11,351   Imaginary: 4619, Real: 1
2024-07-29 23:00:11,351   Imaginary: 13182, Real: 0
2024-07-29 23:00:11,351   Imaginary: 1, Real: 0
2024-07-29 23:00:11,351   Imaginary: 258, Real: 772
2024-07-29 23:00:11,351   Imaginary: 1286, Real: 1800
2024-07-29 23:00:11,351   Imaginary: 512, Real: 774
2024-07-29 23:00:11,351   Imaginary: 64, Real: 6
2024-07-29 23:00:11,351   Imaginary: 26691, Real: 10
2024-07-29 23:00:11,351   Imaginary: 179, Real: 0
2024-07-29 23:00:11,351   Imaginary: -25853, Real: 21934
2024-07-29 23:00:11,351   Imaginary: 1, Real: 0
2024-07-29 23:00:11,351   Imaginary: 1, Real: 0
2024-07-29 23:00:11,351   Imaginary: 0, Real: 0
2024-07-29 23:00:11,351   Imaginary: 10, Real: 0
2024-07-29 23:00:11,351   Imaginary: 0, Real: 6
2024-07-29 23:00:11,351   Imaginary: 21536, Real: 2048
2024-07-29 23:00:11,351   Imaginary: 4455, Real: 1
2024-07-29 23:00:11,351   Imaginary: 13182, Real: 0
2024-07-29 23:00:11,351   Imaginary: 1, Real: 0
2024-07-29 23:00:11,351   Imaginary: 258, Real: 772
2024-07-29 23:00:11,351   Imaginary: 1286, Real: 1800
2024-07-29 23:00:11,351   Imaginary: 512, Real: 774
2024-07-29 23:00:11,351   Imaginary: 64, Real: 6
2024-07-29 23:00:11,351   Imaginary: 26691, Real: 10
2024-07-29 23:00:11,351   Imaginary: 180, Real: 0
2024-07-29 23:00:11,351   Imaginary: 1610, Real: 22698
2024-07-29 23:00:11,351   Imaginary: 2, Real: 0
2024-07-29 23:00:11,351   Imaginary: 1, Real: 0
2024-07-29 23:00:11,351   Imaginary: 0, Real: 0
2024-07-29 23:00:11,351   Imaginary: 10, Real: 0
2024-07-29 23:00:11,351   Imaginary: 0, Real: 6
2024-07-29 23:00:11,351   Imaginary: 21536, Real: 2048
2024-07-29 23:00:11,351   Imaginary: 26889, Real: 1
2024-07-29 23:00:11,351   Imaginary: 21618, Real: 0
2024-07-29 23:00:11,351   Imaginary: 2, Real: 0
2024-07-29 23:00:11,351   Imaginary: 258, Real: 772
2024-07-29 23:00:11,351   Imaginary: 1286, Real: 1800
2024-07-29 23:00:11,351   Imaginary: 512, Real: 774
2024-07-29 23:00:11,351   Imaginary: 64, Real: 6
2024-07-29 23:00:11,351   Imaginary: 26691, Real: 10
2024-07-29 23:00:11,351   Imaginary: 181, Real: 0
2024-07-29 23:00:11,351   Imaginary: 31317, Real: 23460
2024-07-29 23:00:11,351   Imaginary: 1, Real: 0
2024-07-29 23:00:11,351   Imaginary: 1, Real: 0
2024-07-29 23:00:11,351   Imaginary: 0, Real: 0
2024-07-29 23:00:11,351   Imaginary: 10, Real: 0
2024-07-29 23:00:11,351   Imaginary: 0, Real: 6
2024-07-29 23:00:11,351   Imaginary: 21536, Real: 2048
2024-07-29 23:00:11,351   Imaginary: 4033, Real: 1
2024-07-29 23:00:11,351   Imaginary: 13173, Real: 0
2024-07-29 23:00:11,351   Imaginary: 1, Real: 0
2024-07-29 23:00:11,351   Imaginary: 258, Real: 772
2024-07-29 23:00:11,351   Imaginary: 1286, Real: 1800
2024-07-29 23:00:11,351   Imaginary: 512, Real: 774
2024-07-29 23:00:11,351   Imaginary: 64, Real: 6
2024-07-29 23:00:11,351   Imaginary: 26691, Real: 10
2024-07-29 23:00:11,351   Imaginary: 182, Real: 0
2024-07-29 23:00:11,351   Imaginary: 28000, Real: 24223
2024-07-29 23:00:11,351   Imaginary: 1, Real: 0
2024-07-29 23:00:11,351   Imaginary: 1, Real: 0
2024-07-29 23:00:11,351   Imaginary: 0, Real: 0
2024-07-29 23:00:11,351   Imaginary: 10, Real: 0
2024-07-29 23:00:11,351   Imaginary: 0, Real: 6
2024-07-29 23:00:11,351   Imaginary: 21536, Real: 2048
2024-07-29 23:00:11,351   Imaginary: 4648, Real: 1
2024-07-29 23:00:11,351   Imaginary: 13186, Real: 0
2024-07-29 23:00:11,351   Imaginary: 1, Real: 0
2024-07-29 23:00:11,351   Imaginary: 258, Real: 772
2024-07-29 23:00:11,351   Imaginary: 1286, Real: 1800
2024-07-29 23:00:11,351   Imaginary: 512, Real: 774
2024-07-29 23:00:11,351   Imaginary: 64, Real: 6
2024-07-29 23:00:11,351   Imaginary: 26691, Real: 10
2024-07-29 23:00:11,351   Imaginary: 183, Real: 0
2024-07-29 23:00:11,351   Imaginary: -11347, Real: 24986
2024-07-29 23:00:11,351   Imaginary: 2, Real: 0
2024-07-29 23:00:11,351   Imaginary: 1, Real: 0
2024-07-29 23:00:11,351   Imaginary: 0, Real: 0
2024-07-29 23:00:11,351   Imaginary: 10, Real: 0
2024-07-29 23:00:11,351   Imaginary: 0, Real: 6
2024-07-29 23:00:11,351   Imaginary: 21536, Real: 2048
2024-07-29 23:00:11,351   Imaginary: 26104, Real: 1
2024-07-29 23:00:11,351   Imaginary: 21618, Real: 0
2024-07-29 23:00:11,351   Imaginary: 2, Real: 0
2024-07-29 23:00:11,351   Imaginary: 258, Real: 772
2024-07-29 23:00:11,351   Imaginary: 1286, Real: 1800
2024-07-29 23:00:11,351   Imaginary: 512, Real: 774
2024-07-29 23:00:11,351   Imaginary: 64, Real: 6
2024-07-29 23:00:11,351   Imaginary: 26691, Real: 10
2024-07-29 23:00:11,351   Imaginary: 184, Real: 0
2024-07-29 23:00:11,351   Imaginary: 20175, Real: 25749
2024-07-29 23:00:11,351   Imaginary: 1, Real: 0
2024-07-29 23:00:11,351   Imaginary: 1, Real: 0
2024-07-29 23:00:11,351   Imaginary: 0, Real: 0
2024-07-29 23:00:11,351   Imaginary: 10, Real: 0
2024-07-29 23:00:11,351   Imaginary: 0, Real: 6
2024-07-29 23:00:11,351   Imaginary: 21536, Real: 2048
2024-07-29 23:00:11,351   Imaginary: 4394, Real: 1
2024-07-29 23:00:11,351   Imaginary: 13186, Real: 0
2024-07-29 23:00:11,351   Imaginary: 1, Real: 0
2024-07-29 23:00:11,351   Imaginary: 258, Real: 772
2024-07-29 23:00:11,351   Imaginary: 1286, Real: 1800
2024-07-29 23:00:11,351   Imaginary: 512, Real: 774
2024-07-29 23:00:11,351   Imaginary: 64, Real: 6
2024-07-29 23:00:11,351   Imaginary: 26691, Real: 10
2024-07-29 23:00:11,351   Imaginary: 185, Real: 0
2024-07-29 23:00:11,351   Imaginary: 16021, Real: 26512
2024-07-29 23:00:11,351   Imaginary: 1, Real: 0
2024-07-29 23:00:11,351   Imaginary: 1, Real: 0
2024-07-29 23:00:11,351   Imaginary: 0, Real: 0
2024-07-29 23:00:11,351   Imaginary: 10, Real: 0
2024-07-29 23:00:11,351   Imaginary: 0, Real: 6
2024-07-29 23:00:11,351   Imaginary: 21536, Real: 2048
2024-07-29 23:00:11,351   Imaginary: 4601, Real: 1
2024-07-29 23:00:11,351   Imaginary: 13182, Real: 0
2024-07-29 23:00:11,351   Imaginary: 1, Real: 0
2024-07-29 23:00:11,351   Imaginary: 258, Real: 772
2024-07-29 23:00:11,351   Imaginary: 1286, Real: 1800
2024-07-29 23:00:11,351   Imaginary: 512, Real: 774
2024-07-29 23:00:11,351   Imaginary: 64, Real: 6
2024-07-29 23:00:11,351   Imaginary: 26691, Real: 10
2024-07-29 23:00:11,351   Imaginary: 186, Real: 0
2024-07-29 23:00:11,351   Imaginary: 13397, Real: 27275
2024-07-29 23:00:11,351   Imaginary: 1, Real: 0
2024-07-29 23:00:11,351   Imaginary: 1, Real: 0
2024-07-29 23:00:11,351   Imaginary: 0, Real: 0
2024-07-29 23:00:11,351   Imaginary: 10, Real: 0
2024-07-29 23:00:11,351   Imaginary: 0, Real: 6
2024-07-29 23:00:11,351   Imaginary: 21536, Real: 2048
2024-07-29 23:00:11,351   Imaginary: 4888, Real: 1
2024-07-29 23:00:11,351   Imaginary: 13173, Real: 0
2024-07-29 23:00:11,351   Imaginary: 1, Real: 0
2024-07-29 23:00:11,351   Imaginary: 258, Real: 772
2024-07-29 23:00:11,351   Imaginary: 1286, Real: 1800
2024-07-29 23:00:11,351   Imaginary: 512, Real: 774
2024-07-29 23:00:11,351   Imaginary: 64, Real: 6
2024-07-29 23:00:11,351   Imaginary: 26691, Real: 10
2024-07-29 23:00:11,351   Imaginary: 187, Real: 0
2024-07-29 23:00:11,351   Imaginary: 7467, Real: 28038
2024-07-29 23:00:11,351   Imaginary: 1, Real: 0
2024-07-29 23:00:11,357   Imaginary: 1, Real: 0
2024-07-29 23:00:11,357   Imaginary: 0, Real: 0
2024-07-29 23:00:11,357   Imaginary: 10, Real: 0
2024-07-29 23:00:11,357   Imaginary: 0, Real: 6
2024-07-29 23:00:11,357   Imaginary: 21536, Real: 2048
2024-07-29 23:00:11,357   Imaginary: 4080, Real: 1
2024-07-29 23:00:11,357   Imaginary: 13186, Real: 0
2024-07-29 23:00:11,357   Imaginary: 1, Real: 0
2024-07-29 23:00:11,357   Imaginary: 258, Real: 772
2024-07-29 23:00:11,357   Imaginary: 1286, Real: 1800
2024-07-29 23:00:11,357   Imaginary: 512, Real: 774
2024-07-29 23:00:11,357   Imaginary: 64, Real: 6
2024-07-29 23:00:11,357   Imaginary: 26691, Real: 10
2024-07-29 23:00:11,357   Imaginary: 188, Real: 0
2024-07-29 23:00:11,357   Imaginary: 3761, Real: 28801
2024-07-29 23:00:11,357   Imaginary: 1, Real: 0
2024-07-29 23:00:11,357   Imaginary: 1, Real: 0
2024-07-29 23:00:11,357   Imaginary: 0, Real: 0
2024-07-29 23:00:11,357   Imaginary: 10, Real: 0
2024-07-29 23:00:11,357   Imaginary: 0, Real: 6
2024-07-29 23:00:11,357   Imaginary: 21536, Real: 2048
2024-07-29 23:00:11,357   Imaginary: 4130, Real: 1
2024-07-29 23:00:11,357   Imaginary: 13186, Real: 0
2024-07-29 23:00:11,357   Imaginary: 1, Real: 0
2024-07-29 23:00:11,357   Imaginary: 258, Real: 772
2024-07-29 23:00:11,357   Imaginary: 1286, Real: 1800
2024-07-29 23:00:11,357   Imaginary: 512, Real: 774
2024-07-29 23:00:11,357   Imaginary: 64, Real: 6
2024-07-29 23:00:11,357   Imaginary: 26691, Real: 10
2024-07-29 23:00:11,358   Imaginary: 189, Real: 0
2024-07-29 23:00:11,358   Imaginary: -148, Real: 29563
2024-07-29 23:00:11,358   Imaginary: 1, Real: 0
2024-07-29 23:00:11,358   Imaginary: 1, Real: 0
2024-07-29 23:00:11,358   Imaginary: 0, Real: 0
2024-07-29 23:00:11,358   Imaginary: 10, Real: 0
2024-07-29 23:00:11,358   Imaginary: 0, Real: 6
2024-07-29 23:00:11,358   Imaginary: 21536, Real: 2048
2024-07-29 23:00:11,358   Imaginary: 4189, Real: 1
2024-07-29 23:00:11,358   Imaginary: 13186, Real: 0
2024-07-29 23:00:11,358   Imaginary: 1, Real: 0
2024-07-29 23:00:11,358   Imaginary: 258, Real: 772
2024-07-29 23:00:11,358   Imaginary: 1286, Real: 1800
2024-07-29 23:00:11,358   Imaginary: 512, Real: 774
2024-07-29 23:00:11,358   Imaginary: 64, Real: 6
2024-07-29 23:00:11,358   Imaginary: 26691, Real: 10
2024-07-29 23:00:11,358   Imaginary: 190, Real: 0
2024-07-29 23:00:11,358   Imaginary: -3924, Real: 30326
2024-07-29 23:00:11,358   Imaginary: 1, Real: 0
2024-07-29 23:00:11,358   Imaginary: 1, Real: 0
2024-07-29 23:00:11,358   Imaginary: 0, Real: 0
2024-07-29 23:00:11,358   Imaginary: 10, Real: 0
2024-07-29 23:00:11,358   Imaginary: 0, Real: 6
2024-07-29 23:00:11,358   Imaginary: 21536, Real: 2048
2024-07-29 23:00:11,358   Imaginary: 4374, Real: 1
2024-07-29 23:00:11,358   Imaginary: 13186, Real: 0
2024-07-29 23:00:11,358   Imaginary: 1, Real: 0
2024-07-29 23:00:11,358   Imaginary: 258, Real: 772
2024-07-29 23:00:11,358   Imaginary: 1286, Real: 1800
2024-07-29 23:00:11,359   Imaginary: 512, Real: 774
2024-07-29 23:00:11,359   Imaginary: 64, Real: 6
2024-07-29 23:00:11,359   Imaginary: 26691, Real: 10
2024-07-29 23:00:11,359   Imaginary: 191, Real: 0
2024-07-29 23:00:11,359   Imaginary: -6044, Real: 31089
2024-07-29 23:00:11,359   Imaginary: 1, Real: 0
2024-07-29 23:00:11,359   Imaginary: 1, Real: 0
2024-07-29 23:00:11,359   Imaginary: 0, Real: 0
2024-07-29 23:00:11,359   Imaginary: 10, Real: 0
2024-07-29 23:00:11,359   Imaginary: 0, Real: 6
2024-07-29 23:00:11,359   Imaginary: 21536, Real: 2048
2024-07-29 23:00:11,359   Imaginary: 5049, Real: 1
2024-07-29 23:00:11,359   Imaginary: 13173, Real: 0
2024-07-29 23:00:11,359   Imaginary: 1, Real: 0
2024-07-29 23:00:11,359   Imaginary: 258, Real: 772
2024-07-29 23:00:11,359   Imaginary: 1286, Real: 1800
2024-07-29 23:00:11,359   Imaginary: 512, Real: 774
2024-07-29 23:00:11,359   Imaginary: 64, Real: 6
2024-07-29 23:00:11,359   Imaginary: 26691, Real: 10
2024-07-29 23:00:11,359   Imaginary: 192, Real: 0
2024-07-29 23:00:11,359   Imaginary: -12025, Real: 31852
2024-07-29 23:00:11,359   Imaginary: 1, Real: 0
2024-07-29 23:00:11,359   Imaginary: 1, Real: 0
2024-07-29 23:00:11,359   Imaginary: 0, Real: 0
2024-07-29 23:00:11,359   Imaginary: 10, Real: 0
2024-07-29 23:00:11,359   Imaginary: 0, Real: 6
2024-07-29 23:00:11,359   Imaginary: 21536, Real: 2048
2024-07-29 23:00:11,359   Imaginary: 4270, Real: 1
2024-07-29 23:00:11,359   Imaginary: 13186, Real: 0
2024-07-29 23:00:11,359   Imaginary: 1, Real: 0
2024-07-29 23:00:11,359   Imaginary: 258, Real: 772
2024-07-29 23:00:11,359   Imaginary: 1286, Real: 1800
2024-07-29 23:00:11,359   Imaginary: 512, Real: 774
2024-07-29 23:00:11,359   Imaginary: 64, Real: 6
2024-07-29 23:00:11,359   Imaginary: 26691, Real: 10
2024-07-29 23:00:11,359   Imaginary: 193, Real: 0
2024-07-29 23:00:11,359   Imaginary: -15902, Real: 32615
2024-07-29 23:00:11,359   Imaginary: 1, Real: 0
2024-07-29 23:00:11,359   Imaginary: 1, Real: 0
2024-07-29 23:00:11,359   Imaginary: 0, Real: 0
2024-07-29 23:00:11,359   Imaginary: 10, Real: 0
2024-07-29 23:00:11,359   Imaginary: 0, Real: 6
2024-07-29 23:00:11,359   Imaginary: 21536, Real: 2048
2024-07-29 23:00:11,359   Imaginary: 4314, Real: 1
2024-07-29 23:00:11,359   Imaginary: 13186, Real: 0
2024-07-29 23:00:11,359   Imaginary: 1, Real: 0
2024-07-29 23:00:11,359   Imaginary: 258, Real: 772
2024-07-29 23:00:11,359   Imaginary: 1286, Real: 1800
2024-07-29 23:00:11,359   Imaginary: 512, Real: 774
2024-07-29 23:00:11,359   Imaginary: 64, Real: 6
2024-07-29 23:00:11,359   Imaginary: 26691, Real: 10
2024-07-29 23:00:11,359   Imaginary: 194, Real: 0
2024-07-29 23:00:11,359   Imaginary: -20195, Real: -32158
2024-07-29 23:00:11,359   Imaginary: 1, Real: 0
2024-07-29 23:00:11,359   Imaginary: 1, Real: 0
2024-07-29 23:00:11,359   Imaginary: 0, Real: 0
2024-07-29 23:00:11,359   Imaginary: 10, Real: 0
2024-07-29 23:00:11,359   Imaginary: 0, Real: 6
2024-07-29 23:00:11,359   Imaginary: 21536, Real: 2048
2024-07-29 23:00:11,359   Imaginary: 4081, Real: 1
2024-07-29 23:00:11,359   Imaginary: 13182, Real: 0
2024-07-29 23:00:11,359   Imaginary: 1, Real: 0
2024-07-29 23:00:11,359   Imaginary: 258, Real: 772
2024-07-29 23:00:11,359   Imaginary: 1286, Real: 1800
2024-07-29 23:00:11,359   Imaginary: 512, Real: 774
2024-07-29 23:00:11,359   Imaginary: 64, Real: 6
2024-07-29 23:00:11,359   Imaginary: 26691, Real: 10
2024-07-29 23:00:11,359   Imaginary: 195, Real: 0
2024-07-29 23:00:11,359   Imaginary: -24216, Real: -31395
2024-07-29 23:00:11,359   Imaginary: 1, Real: 0
2024-07-29 23:00:11,359   Imaginary: 1, Real: 0
2024-07-29 23:00:11,359   Imaginary: 0, Real: 0
2024-07-29 23:00:11,359   Imaginary: 10, Real: 0
2024-07-29 23:00:11,359   Imaginary: 0, Real: 6
2024-07-29 23:00:11,359   Imaginary: 21536, Real: 2048
2024-07-29 23:00:11,359   Imaginary: 4031, Real: 1
2024-07-29 23:00:11,359   Imaginary: 13186, Real: 0
2024-07-29 23:00:11,359   Imaginary: 1, Real: 0
2024-07-29 23:00:11,359   Imaginary: 258, Real: 772
2024-07-29 23:00:11,359   Imaginary: 1286, Real: 1800
2024-07-29 23:00:11,359   Imaginary: 512, Real: 774
2024-07-29 23:00:11,359   Imaginary: 64, Real: 6
2024-07-29 23:00:11,359   Imaginary: 26691, Real: 10
2024-07-29 23:00:11,359   Imaginary: 196, Real: 0
2024-07-29 23:00:11,359   Imaginary: -27906, Real: -30632
2024-07-29 23:00:11,359   Imaginary: 1, Real: 0
2024-07-29 23:00:11,359   Imaginary: 1, Real: 0
2024-07-29 23:00:11,359   Imaginary: 0, Real: 0
2024-07-29 23:00:11,359   Imaginary: 10, Real: 0
2024-07-29 23:00:11,359   Imaginary: 0, Real: 6
2024-07-29 23:00:11,359   Imaginary: 21536, Real: 2048
2024-07-29 23:00:11,359   Imaginary: 4315, Real: 1
2024-07-29 23:00:11,359   Imaginary: 13173, Real: 0
2024-07-29 23:00:11,359   Imaginary: 1, Real: 0
2024-07-29 23:00:11,359   Imaginary: 258, Real: 772
2024-07-29 23:00:11,359   Imaginary: 1286, Real: 1800
2024-07-29 23:00:11,359   Imaginary: 512, Real: 774
2024-07-29 23:00:11,359   Imaginary: 64, Real: 6
2024-07-29 23:00:11,359   Imaginary: 26691, Real: 10
2024-07-29 23:00:11,359   Imaginary: 197, Real: 0
2024-07-29 23:00:11,359   Imaginary: -2231, Real: -29869
2024-07-29 23:00:11,359   Imaginary: 2, Real: 0
2024-07-29 23:00:11,359   Imaginary: 1, Real: 0
2024-07-29 23:00:11,359   Imaginary: 0, Real: 0
2024-07-29 23:00:11,359   Imaginary: 10, Real: 0
2024-07-29 23:00:11,359   Imaginary: 0, Real: 6
2024-07-29 23:00:11,359   Imaginary: 21536, Real: 2048
2024-07-29 23:00:11,359   Imaginary: 24946, Real: 1
2024-07-29 23:00:11,359   Imaginary: 21622, Real: 0
2024-07-29 23:00:11,359   Imaginary: 2, Real: 0
2024-07-29 23:00:11,359   Imaginary: 258, Real: 772
2024-07-29 23:00:11,359   Imaginary: 1286, Real: 1800
2024-07-29 23:00:11,359   Imaginary: 512, Real: 774
2024-07-29 23:00:11,359   Imaginary: 64, Real: 6
2024-07-29 23:00:11,359   Imaginary: 26691, Real: 10
2024-07-29 23:00:11,359   Imaginary: 198, Real: 0
2024-07-29 23:00:11,359   Imaginary: 29838, Real: -29106
2024-07-29 23:00:11,359   Imaginary: 1, Real: 0
2024-07-29 23:00:11,359   Imaginary: 1, Real: 0
2024-07-29 23:00:11,359   Imaginary: 0, Real: 0
2024-07-29 23:00:11,359   Imaginary: 10, Real: 0
2024-07-29 23:00:11,359   Imaginary: 0, Real: 6
2024-07-29 23:00:11,359   Imaginary: 21536, Real: 2048
2024-07-29 23:00:11,359   Imaginary: 4367, Real: 1
2024-07-29 23:00:11,359   Imaginary: 13186, Real: 0
2024-07-29 23:00:11,359   Imaginary: 1, Real: 0
2024-07-29 23:00:11,359   Imaginary: 258, Real: 772
2024-07-29 23:00:11,359   Imaginary: 1286, Real: 1800
2024-07-29 23:00:11,359   Imaginary: 512, Real: 774
2024-07-29 23:00:11,359   Imaginary: 64, Real: 6
2024-07-29 23:00:11,359   Imaginary: 26691, Real: 10
2024-07-29 23:00:11,359   Imaginary: 199, Real: 0
2024-07-29 23:00:11,359   Imaginary: 25539, Real: -28343
2024-07-29 23:00:11,359   Imaginary: 1, Real: 0
2024-07-29 23:00:11,359   Imaginary: 1, Real: 0
2024-07-29 23:00:11,359   Imaginary: 0, Real: 0
2024-07-29 23:00:11,359   Imaginary: 10, Real: 0
2024-07-29 23:00:11,359   Imaginary: 0, Real: 6
2024-07-29 23:00:11,359   Imaginary: 21536, Real: 2048
2024-07-29 23:00:11,359   Imaginary: 3995, Real: 1
2024-07-29 23:00:11,359   Imaginary: 13182, Real: 0
2024-07-29 23:00:11,359   Imaginary: 1, Real: 0
2024-07-29 23:00:11,359   Imaginary: 258, Real: 772
2024-07-29 23:00:11,359   Imaginary: 1286, Real: 1800
2024-07-29 23:00:11,359   Imaginary: 512, Real: 774
2024-07-29 23:00:11,359   Imaginary: 64, Real: 6
2024-07-29 23:00:11,359   Imaginary: 26691, Real: 10
2024-07-29 23:00:11,359   Imaginary: 200, Real: 0
2024-07-29 23:00:11,359   Imaginary: 21575, Real: -27580
2024-07-29 23:00:11,359   Imaginary: 1, Real: 0
2024-07-29 23:00:11,364   Imaginary: 1, Real: 0
2024-07-29 23:00:11,364   Imaginary: 0, Real: 0
2024-07-29 23:00:11,364   Imaginary: 10, Real: 0
2024-07-29 23:00:11,364   Imaginary: 0, Real: 6
2024-07-29 23:00:11,364   Imaginary: 21536, Real: 2048
2024-07-29 23:00:11,364   Imaginary: 4126, Real: 1
2024-07-29 23:00:11,364   Imaginary: 13186, Real: 0
2024-07-29 23:00:11,364   Imaginary: 1, Real: 0
2024-07-29 23:00:11,364   Imaginary: 258, Real: 772
2024-07-29 23:00:11,364   Imaginary: 1286, Real: 1800
2024-07-29 23:00:11,364   Imaginary: 512, Real: 774
2024-07-29 23:00:11,364   Imaginary: 64, Real: 6
2024-07-29 23:00:11,364   Imaginary: 26691, Real: 10
2024-07-29 23:00:11,364   Imaginary: 201, Real: 0
2024-07-29 23:00:11,364   Imaginary: 18358, Real: -26817
2024-07-29 23:00:11,364   Imaginary: 1, Real: 0
2024-07-29 23:00:11,364   Imaginary: 1, Real: 0
2024-07-29 23:00:11,364   Imaginary: 0, Real: 0
2024-07-29 23:00:11,364   Imaginary: 10, Real: 0
2024-07-29 23:00:11,364   Imaginary: 0, Real: 6
2024-07-29 23:00:11,364   Imaginary: 21536, Real: 2048
2024-07-29 23:00:11,364   Imaginary: 4191, Real: 1
2024-07-29 23:00:11,364   Imaginary: 13173, Real: 0
2024-07-29 23:00:11,364   Imaginary: 1, Real: 0
2024-07-29 23:00:11,364   Imaginary: 258, Real: 772
2024-07-29 23:00:11,364   Imaginary: 1286, Real: 1800
2024-07-29 23:00:11,364   Imaginary: 512, Real: 774
2024-07-29 23:00:11,364   Imaginary: 64, Real: 6
2024-07-29 23:00:11,364   Imaginary: 26691, Real: 10
2024-07-29 23:00:11,364   Imaginary: 202, Real: 0
2024-07-29 23:00:11,365   Imaginary: 13630, Real: -26054
2024-07-29 23:00:11,365   Imaginary: 1, Real: 0
2024-07-29 23:00:11,365   Imaginary: 1, Real: 0
2024-07-29 23:00:11,365   Imaginary: 0, Real: 0
2024-07-29 23:00:11,365   Imaginary: 10, Real: 0
2024-07-29 23:00:11,365   Imaginary: 0, Real: 6
2024-07-29 23:00:11,365   Imaginary: 21536, Real: 2048
2024-07-29 23:00:11,365   Imaginary: 4031, Real: 1
2024-07-29 23:00:11,365   Imaginary: 13182, Real: 0
2024-07-29 23:00:11,365   Imaginary: 1, Real: 0
2024-07-29 23:00:11,365   Imaginary: 258, Real: 772
2024-07-29 23:00:11,365   Imaginary: 1286, Real: 1800
2024-07-29 23:00:11,365   Imaginary: 512, Real: 774
2024-07-29 23:00:11,365   Imaginary: 64, Real: 6
2024-07-29 23:00:11,365   Imaginary: 26691, Real: 10
2024-07-29 23:00:11,365   Imaginary: 203, Real: 0
2024-07-29 23:00:11,365   Imaginary: 9863, Real: -25291
2024-07-29 23:00:11,365   Imaginary: 1, Real: 0
2024-07-29 23:00:11,365   Imaginary: 1, Real: 0
2024-07-29 23:00:11,365   Imaginary: 0, Real: 0
2024-07-29 23:00:11,365   Imaginary: 10, Real: 0
2024-07-29 23:00:11,365   Imaginary: 0, Real: 6
2024-07-29 23:00:11,365   Imaginary: 21536, Real: 2048
2024-07-29 23:00:11,365   Imaginary: 4012, Real: 1
2024-07-29 23:00:11,365   Imaginary: 13186, Real: 0
2024-07-29 23:00:11,365   Imaginary: 1, Real: 0
2024-07-29 23:00:11,365   Imaginary: 258, Real: 772
2024-07-29 23:00:11,365   Imaginary: 1286, Real: 1800
2024-07-29 23:00:11,365   Imaginary: 512, Real: 774
2024-07-29 23:00:11,365   Imaginary: 64, Real: 6
2024-07-29 23:00:11,365   Imaginary: 26691, Real: 10
2024-07-29 23:00:11,365   Imaginary: 204, Real: 0
2024-07-29 23:00:11,365   Imaginary: 9357, Real: -24528
2024-07-29 23:00:11,365   Imaginary: 1, Real: 0
2024-07-29 23:00:11,365   Imaginary: 1, Real: 0
2024-07-29 23:00:11,365   Imaginary: 0, Real: 0
2024-07-29 23:00:11,365   Imaginary: 10, Real: 0
2024-07-29 23:00:11,365   Imaginary: 0, Real: 6
2024-07-29 23:00:11,365   Imaginary: 21536, Real: 2048
2024-07-29 23:00:11,365   Imaginary: 5026, Real: 1
2024-07-29 23:00:11,365   Imaginary: 13186, Real: 0
2024-07-29 23:00:11,365   Imaginary: 1, Real: 0
2024-07-29 23:00:11,365   Imaginary: 258, Real: 772
2024-07-29 23:00:11,365   Imaginary: 1286, Real: 1800
2024-07-29 23:00:11,365   Imaginary: 512, Real: 774
2024-07-29 23:00:11,365   Imaginary: 64, Real: 6
2024-07-29 23:00:11,365   Imaginary: 26691, Real: 10
2024-07-29 23:00:11,365   Imaginary: 205, Real: 0
2024-07-29 23:00:11,365   Imaginary: 31475, Real: -23765
2024-07-29 23:00:11,365   Imaginary: 2, Real: 0
2024-07-29 23:00:11,365   Imaginary: 1, Real: 0
2024-07-29 23:00:11,365   Imaginary: 0, Real: 0
2024-07-29 23:00:11,365   Imaginary: 10, Real: 0
2024-07-29 23:00:11,365   Imaginary: 0, Real: 6
2024-07-29 23:00:11,365   Imaginary: 21536, Real: 2048
2024-07-29 23:00:11,365   Imaginary: 25637, Real: 1
2024-07-29 23:00:11,365   Imaginary: 21036, Real: 0
2024-07-29 23:00:11,365   Imaginary: 2, Real: 0
2024-07-29 23:00:11,365   Imaginary: 258, Real: 772
2024-07-29 23:00:11,365   Imaginary: 1286, Real: 1800
2024-07-29 23:00:11,365   Imaginary: 512, Real: 774
2024-07-29 23:00:11,365   Imaginary: 64, Real: 6
2024-07-29 23:00:11,365   Imaginary: 26691, Real: 10
2024-07-29 23:00:11,365   Imaginary: 206, Real: 0
2024-07-29 23:00:11,365   Imaginary: -2942, Real: -23003
2024-07-29 23:00:11,365   Imaginary: 1, Real: 0
2024-07-29 23:00:11,365   Imaginary: 1, Real: 0
2024-07-29 23:00:11,365   Imaginary: 0, Real: 0
2024-07-29 23:00:11,365   Imaginary: 10, Real: 0
2024-07-29 23:00:11,365   Imaginary: 0, Real: 6
2024-07-29 23:00:11,365   Imaginary: 21536, Real: 2048
2024-07-29 23:00:11,365   Imaginary: 3443, Real: 1
2024-07-29 23:00:11,365   Imaginary: 13173, Real: 0
2024-07-29 23:00:11,365   Imaginary: 1, Real: 0
2024-07-29 23:00:11,365   Imaginary: 258, Real: 772
2024-07-29 23:00:11,365   Imaginary: 1286, Real: 1800
2024-07-29 23:00:11,365   Imaginary: 512, Real: 774
2024-07-29 23:00:11,365   Imaginary: 64, Real: 6
2024-07-29 23:00:11,365   Imaginary: 26691, Real: 10
2024-07-29 23:00:11,365   Imaginary: 207, Real: 0
2024-07-29 23:00:11,365   Imaginary: -5864, Real: -22240
2024-07-29 23:00:11,365   Imaginary: 1, Real: 0
2024-07-29 23:00:11,365   Imaginary: 1, Real: 0
2024-07-29 23:00:11,365   Imaginary: 0, Real: 0
2024-07-29 23:00:11,365   Imaginary: 10, Real: 0
2024-07-29 23:00:11,365   Imaginary: 0, Real: 6
2024-07-29 23:00:11,365   Imaginary: 21536, Real: 2048
2024-07-29 23:00:11,365   Imaginary: 4368, Real: 1
2024-07-29 23:00:11,365   Imaginary: 13186, Real: 0
2024-07-29 23:00:11,365   Imaginary: 1, Real: 0
2024-07-29 23:00:11,365   Imaginary: 258, Real: 772
2024-07-29 23:00:11,365   Imaginary: 1286, Real: 1800
2024-07-29 23:00:11,365   Imaginary: 512, Real: 774
2024-07-29 23:00:11,365   Imaginary: 64, Real: 6
2024-07-29 23:00:11,365   Imaginary: 26691, Real: 10
2024-07-29 23:00:11,365   Imaginary: 208, Real: 0
2024-07-29 23:00:11,365   Imaginary: -10397, Real: -21477
2024-07-29 23:00:11,365   Imaginary: 1, Real: 0
2024-07-29 23:00:11,365   Imaginary: 1, Real: 0
2024-07-29 23:00:11,365   Imaginary: 0, Real: 0
2024-07-29 23:00:11,365   Imaginary: 10, Real: 0
2024-07-29 23:00:11,365   Imaginary: 0, Real: 6
2024-07-29 23:00:11,365   Imaginary: 21536, Real: 2048
2024-07-29 23:00:11,365   Imaginary: 3902, Real: 1
2024-07-29 23:00:11,365   Imaginary: 13182, Real: 0
2024-07-29 23:00:11,365   Imaginary: 1, Real: 0
2024-07-29 23:00:11,365   Imaginary: 258, Real: 772
2024-07-29 23:00:11,365   Imaginary: 1286, Real: 1800
2024-07-29 23:00:11,365   Imaginary: 512, Real: 774
2024-07-29 23:00:11,365   Imaginary: 64, Real: 6
2024-07-29 23:00:11,365   Imaginary: 26691, Real: 10
2024-07-29 23:00:11,365   Imaginary: 209, Real: 0
2024-07-29 23:00:11,365   Imaginary: -14465, Real: -20714
2024-07-29 23:00:11,365   Imaginary: 1, Real: 0
2024-07-29 23:00:11,365   Imaginary: 1, Real: 0
2024-07-29 23:00:11,365   Imaginary: 0, Real: 0
2024-07-29 23:00:11,365   Imaginary: 10, Real: 0
2024-07-29 23:00:11,365   Imaginary: 0, Real: 6
2024-07-29 23:00:11,365   Imaginary: 21536, Real: 2048
2024-07-29 23:00:11,365   Imaginary: 3800, Real: 1
2024-07-29 23:00:11,365   Imaginary: 13186, Real: 0
2024-07-29 23:00:11,365   Imaginary: 1, Real: 0
2024-07-29 23:00:11,365   Imaginary: 258, Real: 772
2024-07-29 23:00:11,365   Imaginary: 1286, Real: 1800
2024-07-29 23:00:11,365   Imaginary: 512, Real: 774
2024-07-29 23:00:11,365   Imaginary: 64, Real: 6
2024-07-29 23:00:11,365   Imaginary: 26691, Real: 10
2024-07-29 23:00:11,365   Imaginary: 210, Real: 0
2024-07-29 23:00:11,365   Imaginary: -18357, Real: -19951
2024-07-29 23:00:11,365   Imaginary: 1, Real: 0
2024-07-29 23:00:11,365   Imaginary: 1, Real: 0
2024-07-29 23:00:11,365   Imaginary: 0, Real: 0
2024-07-29 23:00:11,365   Imaginary: 10, Real: 0
2024-07-29 23:00:11,365   Imaginary: 0, Real: 6
2024-07-29 23:00:11,365   Imaginary: 21536, Real: 2048
2024-07-29 23:00:11,365   Imaginary: 3876, Real: 1
2024-07-29 23:00:11,365   Imaginary: 13186, Real: 0
2024-07-29 23:00:11,365   Imaginary: 1, Real: 0
2024-07-29 23:00:11,365   Imaginary: 258, Real: 772
2024-07-29 23:00:11,365   Imaginary: 1286, Real: 1800
2024-07-29 23:00:11,365   Imaginary: 512, Real: 774
2024-07-29 23:00:11,365   Imaginary: 64, Real: 6
2024-07-29 23:00:11,365   Imaginary: 26691, Real: 10
2024-07-29 23:00:11,365   Imaginary: 211, Real: 0
2024-07-29 23:00:11,365   Imaginary: -22488, Real: -19188
2024-07-29 23:00:11,365   Imaginary: 1, Real: 0
2024-07-29 23:00:11,365   Imaginary: 1, Real: 0
2024-07-29 23:00:11,365   Imaginary: 0, Real: 0
2024-07-29 23:00:11,365   Imaginary: 10, Real: 0
2024-07-29 23:00:11,365   Imaginary: 0, Real: 6
2024-07-29 23:00:11,365   Imaginary: 21536, Real: 2048
2024-07-29 23:00:11,365   Imaginary: 3734, Real: 1
2024-07-29 23:00:11,365   Imaginary: 13173, Real: 0
2024-07-29 23:00:11,365   Imaginary: 1, Real: 0
2024-07-29 23:00:11,365   Imaginary: 258, Real: 772
2024-07-29 23:00:11,365   Imaginary: 1286, Real: 1800
2024-07-29 23:00:11,365   Imaginary: 512, Real: 774
2024-07-29 23:00:11,365   Imaginary: 64, Real: 6
2024-07-29 23:00:11,365   Imaginary: 26691, Real: 10
2024-07-29 23:00:11,365   Imaginary: 212, Real: 0
2024-07-29 23:00:11,365   Imaginary: -25988, Real: -18425
2024-07-29 23:00:11,365   Imaginary: 1, Real: 0
2024-07-29 23:00:11,365   Imaginary: 1, Real: 0
2024-07-29 23:00:11,365   Imaginary: 0, Real: 0
2024-07-29 23:00:11,365   Imaginary: 10, Real: 0
2024-07-29 23:00:11,365   Imaginary: 0, Real: 6
2024-07-29 23:00:11,365   Imaginary: 21536, Real: 2048
2024-07-29 23:00:11,365   Imaginary: 4181, Real: 1
2024-07-29 23:00:11,365   Imaginary: 13186, Real: 0
2024-07-29 23:00:11,365   Imaginary: 1, Real: 0
2024-07-29 23:00:11,365   Imaginary: 258, Real: 772
2024-07-29 23:00:11,365   Imaginary: 1286, Real: 1800
2024-07-29 23:00:11,365   Imaginary: 512, Real: 774
2024-07-29 23:00:11,365   Imaginary: 64, Real: 6
2024-07-29 23:00:11,365   Imaginary: 26691, Real: 10
2024-07-29 23:00:11,365   Imaginary: 213, Real: 0
2024-07-29 23:00:11,371   Imaginary: -30452, Real: -17662
2024-07-29 23:00:11,371   Imaginary: 1, Real: 0
2024-07-29 23:00:11,371   Imaginary: 1, Real: 0
2024-07-29 23:00:11,371   Imaginary: 0, Real: 0
2024-07-29 23:00:11,371   Imaginary: 10, Real: 0
2024-07-29 23:00:11,371   Imaginary: 0, Real: 6
2024-07-29 23:00:11,371   Imaginary: 21536, Real: 2048
2024-07-29 23:00:11,371   Imaginary: 3787, Real: 1
2024-07-29 23:00:11,371   Imaginary: 13186, Real: 0
2024-07-29 23:00:11,371   Imaginary: 1, Real: 0
2024-07-29 23:00:11,371   Imaginary: 258, Real: 772
2024-07-29 23:00:11,371   Imaginary: 1286, Real: 1800
2024-07-29 23:00:11,371   Imaginary: 512, Real: 774
2024-07-29 23:00:11,371   Imaginary: 64, Real: 6
2024-07-29 23:00:11,371   Imaginary: 26691, Real: 10
2024-07-29 23:00:11,371   Imaginary: 214, Real: 0
2024-07-29 23:00:11,371   Imaginary: 31313, Real: -16899
2024-07-29 23:00:11,371   Imaginary: 1, Real: 0
2024-07-29 23:00:11,371   Imaginary: 1, Real: 0
2024-07-29 23:00:11,371   Imaginary: 0, Real: 0
2024-07-29 23:00:11,371   Imaginary: 10, Real: 0
2024-07-29 23:00:11,371   Imaginary: 0, Real: 6
2024-07-29 23:00:11,371   Imaginary: 21536, Real: 2048
2024-07-29 23:00:11,371   Imaginary: 3882, Real: 1
2024-07-29 23:00:11,371   Imaginary: 13186, Real: 0
2024-07-29 23:00:11,371   Imaginary: 1, Real: 0
2024-07-29 23:00:11,371   Imaginary: 258, Real: 772
2024-07-29 23:00:11,371   Imaginary: 1286, Real: 1800
2024-07-29 23:00:11,371   Imaginary: 512, Real: 774
2024-07-29 23:00:11,371   Imaginary: 64, Real: 6
2024-07-29 23:00:11,371   Imaginary: 26691, Real: 10
2024-07-29 23:00:11,371   Imaginary: 215, Real: 0
2024-07-29 23:00:11,371   Imaginary: 27396, Real: -16136
2024-07-29 23:00:11,371   Imaginary: 1, Real: 0
2024-07-29 23:00:11,371   Imaginary: 1, Real: 0
2024-07-29 23:00:11,371   Imaginary: 0, Real: 0
2024-07-29 23:00:11,371   Imaginary: 10, Real: 0
2024-07-29 23:00:11,371   Imaginary: 0, Real: 6
2024-07-29 23:00:11,371   Imaginary: 21536, Real: 2048
2024-07-29 23:00:11,371   Imaginary: 4035, Real: 1
2024-07-29 23:00:11,371   Imaginary: 13186, Real: 0
2024-07-29 23:00:11,371   Imaginary: 1, Real: 0
2024-07-29 23:00:11,371   Imaginary: 258, Real: 772
2024-07-29 23:00:11,371   Imaginary: 1286, Real: 1800
2024-07-29 23:00:11,371   Imaginary: 512, Real: 774
2024-07-29 23:00:11,371   Imaginary: 64, Real: 6
2024-07-29 23:00:11,371   Imaginary: 26691, Real: 10
2024-07-29 23:00:11,371   Imaginary: 216, Real: 0
2024-07-29 23:00:11,371   Imaginary: 23329, Real: -15373
2024-07-29 23:00:11,371   Imaginary: 1, Real: 0
2024-07-29 23:00:11,371   Imaginary: 1, Real: 0
2024-07-29 23:00:11,371   Imaginary: 0, Real: 0
2024-07-29 23:00:11,371   Imaginary: 10, Real: 0
2024-07-29 23:00:11,371   Imaginary: 0, Real: 6
2024-07-29 23:00:11,371   Imaginary: 21536, Real: 2048
2024-07-29 23:00:11,371   Imaginary: 3850, Real: 1
2024-07-29 23:00:11,371   Imaginary: 13173, Real: 0
2024-07-29 23:00:11,371   Imaginary: 1, Real: 0
2024-07-29 23:00:11,371   Imaginary: 258, Real: 772
2024-07-29 23:00:11,371   Imaginary: 1286, Real: 1800
2024-07-29 23:00:11,371   Imaginary: 512, Real: 774
2024-07-29 23:00:11,371   Imaginary: 64, Real: 6
2024-07-29 23:00:11,371   Imaginary: 26691, Real: 10
2024-07-29 23:00:11,371   Imaginary: 217, Real: 0
2024-07-29 23:00:11,371   Imaginary: 19440, Real: -14610
2024-07-29 23:00:11,371   Imaginary: 1, Real: 0
2024-07-29 23:00:11,371   Imaginary: 1, Real: 0
2024-07-29 23:00:11,371   Imaginary: 0, Real: 0
2024-07-29 23:00:11,371   Imaginary: 10, Real: 0
2024-07-29 23:00:11,371   Imaginary: 0, Real: 6
2024-07-29 23:00:11,371   Imaginary: 21536, Real: 2048
2024-07-29 23:00:11,371   Imaginary: 3908, Real: 1
2024-07-29 23:00:11,371   Imaginary: 13186, Real: 0
2024-07-29 23:00:11,371   Imaginary: 1, Real: 0
2024-07-29 23:00:11,371   Imaginary: 258, Real: 772
2024-07-29 23:00:11,371   Imaginary: 1286, Real: 1800
2024-07-29 23:00:11,371   Imaginary: 512, Real: 774
2024-07-29 23:00:11,371   Imaginary: 64, Real: 6
2024-07-29 23:00:11,371   Imaginary: 26691, Real: 10
2024-07-29 23:00:11,371   Imaginary: 218, Real: 0
2024-07-29 23:00:11,371   Imaginary: 15613, Real: -13847
2024-07-29 23:00:11,371   Imaginary: 1, Real: 0
2024-07-29 23:00:11,371   Imaginary: 1, Real: 0
2024-07-29 23:00:11,371   Imaginary: 0, Real: 0
2024-07-29 23:00:11,371   Imaginary: 10, Real: 0
2024-07-29 23:00:11,371   Imaginary: 0, Real: 6
2024-07-29 23:00:11,371   Imaginary: 21536, Real: 2048
2024-07-29 23:00:11,371   Imaginary: 4163, Real: 1
2024-07-29 23:00:11,371   Imaginary: 13186, Real: 0
2024-07-29 23:00:11,371   Imaginary: 1, Real: 0
2024-07-29 23:00:11,371   Imaginary: 258, Real: 772
2024-07-29 23:00:11,371   Imaginary: 1286, Real: 1800
2024-07-29 23:00:11,371   Imaginary: 512, Real: 774
2024-07-29 23:00:11,371   Imaginary: 64, Real: 6
2024-07-29 23:00:11,371   Imaginary: 26691, Real: 10
2024-07-29 23:00:11,371   Imaginary: 219, Real: 0
2024-07-29 23:00:11,371   Imaginary: 11385, Real: -13084
2024-07-29 23:00:11,371   Imaginary: 1, Real: 0
2024-07-29 23:00:11,371   Imaginary: 1, Real: 0
2024-07-29 23:00:11,371   Imaginary: 0, Real: 0
2024-07-29 23:00:11,371   Imaginary: 10, Real: 0
2024-07-29 23:00:11,371   Imaginary: 0, Real: 6
2024-07-29 23:00:11,371   Imaginary: 21536, Real: 2048
2024-07-29 23:00:11,371   Imaginary: 3787, Real: 1
2024-07-29 23:00:11,371   Imaginary: 13186, Real: 0
2024-07-29 23:00:11,371   Imaginary: 1, Real: 0
2024-07-29 23:00:11,371   Imaginary: 258, Real: 772
2024-07-29 23:00:11,371   Imaginary: 1286, Real: 1800
2024-07-29 23:00:11,371   Imaginary: 512, Real: 774
2024-07-29 23:00:11,371   Imaginary: 64, Real: 6
2024-07-29 23:00:11,371   Imaginary: 26691, Real: 10
2024-07-29 23:00:11,371   Imaginary: 220, Real: 0
2024-07-29 23:00:11,371   Imaginary: 9572, Real: -12321
2024-07-29 23:00:11,371   Imaginary: 1, Real: 0
2024-07-29 23:00:11,371   Imaginary: 1, Real: 0
2024-07-29 23:00:11,371   Imaginary: 0, Real: 0
2024-07-29 23:00:11,371   Imaginary: 10, Real: 0
2024-07-29 23:00:11,371   Imaginary: 0, Real: 6
2024-07-29 23:00:11,371   Imaginary: 21536, Real: 2048
2024-07-29 23:00:11,371   Imaginary: 4774, Real: 1
2024-07-29 23:00:11,371   Imaginary: 13179, Real: 0
2024-07-29 23:00:11,371   Imaginary: 1, Real: 0
2024-07-29 23:00:11,371   Imaginary: 258, Real: 772
2024-07-29 23:00:11,371   Imaginary: 1286, Real: 1800
2024-07-29 23:00:11,371   Imaginary: 512, Real: 774
2024-07-29 23:00:11,371   Imaginary: 64, Real: 6
2024-07-29 23:00:11,371   Imaginary: 26691, Real: 10
2024-07-29 23:00:11,371   Imaginary: 221, Real: 0
2024-07-29 23:00:11,371   Imaginary: 4297, Real: -11558
2024-07-29 23:00:11,371   Imaginary: 1, Real: 0
2024-07-29 23:00:11,371   Imaginary: 1, Real: 0
2024-07-29 23:00:11,371   Imaginary: 0, Real: 0
2024-07-29 23:00:11,371   Imaginary: 10, Real: 0
2024-07-29 23:00:11,371   Imaginary: 0, Real: 6
2024-07-29 23:00:11,371   Imaginary: 21536, Real: 2048
2024-07-29 23:00:11,371   Imaginary: 4559, Real: 1
2024-07-29 23:00:11,371   Imaginary: 13186, Real: 0
2024-07-29 23:00:11,371   Imaginary: 1, Real: 0
2024-07-29 23:00:11,371   Imaginary: 258, Real: 772
2024-07-29 23:00:11,371   Imaginary: 1286, Real: 1800
2024-07-29 23:00:11,371   Imaginary: 512, Real: 774
2024-07-29 23:00:11,371   Imaginary: 64, Real: 6
2024-07-29 23:00:11,371   Imaginary: 26691, Real: 10
2024-07-29 23:00:11,371   Imaginary: 222, Real: 0
2024-07-29 23:00:11,371   Imaginary: -350, Real: -10796
2024-07-29 23:00:11,371   Imaginary: 1, Real: 0
2024-07-29 23:00:11,371   Imaginary: 1, Real: 0
2024-07-29 23:00:11,371   Imaginary: 0, Real: 0
2024-07-29 23:00:11,371   Imaginary: 10, Real: 0
2024-07-29 23:00:11,371   Imaginary: 0, Real: 6
2024-07-29 23:00:11,371   Imaginary: 21536, Real: 2048
2024-07-29 23:00:11,371   Imaginary: 4161, Real: 1
2024-07-29 23:00:11,371   Imaginary: 13182, Real: 0
2024-07-29 23:00:11,371   Imaginary: 1, Real: 0
2024-07-29 23:00:11,371   Imaginary: 258, Real: 772
2024-07-29 23:00:11,371   Imaginary: 1286, Real: 1800
2024-07-29 23:00:11,371   Imaginary: 512, Real: 774
2024-07-29 23:00:11,371   Imaginary: 64, Real: 6
2024-07-29 23:00:11,371   Imaginary: 26691, Real: 10
2024-07-29 23:00:11,371   Imaginary: 223, Real: 0
2024-07-29 23:00:11,371   Imaginary: -4261, Real: -10033
2024-07-29 23:00:11,371   Imaginary: 1, Real: 0
2024-07-29 23:00:11,371   Imaginary: 1, Real: 0
2024-07-29 23:00:11,371   Imaginary: 0, Real: 0
2024-07-29 23:00:11,371   Imaginary: 10, Real: 0
2024-07-29 23:00:11,371   Imaginary: 0, Real: 6
2024-07-29 23:00:11,371   Imaginary: 21536, Real: 2048
2024-07-29 23:00:11,371   Imaginary: 4020, Real: 1
2024-07-29 23:00:11,371   Imaginary: 13186, Real: 0
2024-07-29 23:00:11,371   Imaginary: 1, Real: 0
2024-07-29 23:00:11,371   Imaginary: 258, Real: 772
2024-07-29 23:00:11,371   Imaginary: 1286, Real: 1800
2024-07-29 23:00:11,371   Imaginary: 512, Real: 774
2024-07-29 23:00:11,371   Imaginary: 64, Real: 6
2024-07-29 23:00:11,371   Imaginary: 26691, Real: 10
2024-07-29 23:00:11,371   Imaginary: 224, Real: 0
2024-07-29 23:00:11,371   Imaginary: -7655, Real: -9270
2024-07-29 23:00:11,371   Imaginary: 1, Real: 0
2024-07-29 23:00:11,371   Imaginary: 1, Real: 0
2024-07-29 23:00:11,371   Imaginary: 0, Real: 0
2024-07-29 23:00:11,371   Imaginary: 10, Real: 0
2024-07-29 23:00:11,371   Imaginary: 0, Real: 6
2024-07-29 23:00:11,371   Imaginary: 21536, Real: 2048
2024-07-29 23:00:11,371   Imaginary: 4594, Real: 1
2024-07-29 23:00:11,371   Imaginary: 13186, Real: 0
2024-07-29 23:00:11,371   Imaginary: 1, Real: 0
2024-07-29 23:00:11,371   Imaginary: 258, Real: 772
2024-07-29 23:00:11,371   Imaginary: 1286, Real: 1800
2024-07-29 23:00:11,371   Imaginary: 512, Real: 774
2024-07-29 23:00:11,371   Imaginary: 64, Real: 6
2024-07-29 23:00:11,371   Imaginary: 26691, Real: 10
2024-07-29 23:00:11,371   Imaginary: 225, Real: 0
2024-07-29 23:00:11,371   Imaginary: -13105, Real: -8507
2024-07-29 23:00:11,371   Imaginary: 1, Real: 0
2024-07-29 23:00:11,371   Imaginary: 1, Real: 0
2024-07-29 23:00:11,371   Imaginary: 0, Real: 0
2024-07-29 23:00:11,371   Imaginary: 10, Real: 0
2024-07-29 23:00:11,371   Imaginary: 0, Real: 6
2024-07-29 23:00:11,371   Imaginary: 21536, Real: 2048
2024-07-29 23:00:11,371   Imaginary: 3208, Real: 1
2024-07-29 23:00:11,371   Imaginary: 13173, Real: 0
2024-07-29 23:00:11,371   Imaginary: 1, Real: 0
2024-07-29 23:00:11,371   Imaginary: 258, Real: 772
2024-07-29 23:00:11,371   Imaginary: 1286, Real: 1800
2024-07-29 23:00:11,371   Imaginary: 512, Real: 774
2024-07-29 23:00:11,371   Imaginary: 64, Real: 6
2024-07-29 23:00:11,371   Imaginary: 26691, Real: 10
2024-07-29 23:00:11,371   Imaginary: 226, Real: 0
2024-07-29 23:00:11,371   Imaginary: -16201, Real: -7744
2024-07-29 23:00:11,378   Imaginary: 1, Real: 0
2024-07-29 23:00:11,378   Imaginary: 1, Real: 0
2024-07-29 23:00:11,378   Imaginary: 0, Real: 0
2024-07-29 23:00:11,378   Imaginary: 10, Real: 0
2024-07-29 23:00:11,378   Imaginary: 0, Real: 6
2024-07-29 23:00:11,378   Imaginary: 21536, Real: 2048
2024-07-29 23:00:11,378   Imaginary: 3982, Real: 1
2024-07-29 23:00:11,378   Imaginary: 13186, Real: 0
2024-07-29 23:00:11,378   Imaginary: 1, Real: 0
2024-07-29 23:00:11,378   Imaginary: 258, Real: 772
2024-07-29 23:00:11,378   Imaginary: 1286, Real: 1800
2024-07-29 23:00:11,378   Imaginary: 512, Real: 774
2024-07-29 23:00:11,378   Imaginary: 64, Real: 6
2024-07-29 23:00:11,378   Imaginary: 26691, Real: 10
2024-07-29 23:00:11,378   Imaginary: 227, Real: 0
2024-07-29 23:00:11,378   Imaginary: -18311, Real: -6981
2024-07-29 23:00:11,378   Imaginary: 1, Real: 0
2024-07-29 23:00:11,378   Imaginary: 1, Real: 0
2024-07-29 23:00:11,378   Imaginary: 0, Real: 0
2024-07-29 23:00:11,378   Imaginary: 10, Real: 0
2024-07-29 23:00:11,378   Imaginary: 0, Real: 6
2024-07-29 23:00:11,378   Imaginary: 21536, Real: 2048
2024-07-29 23:00:11,378   Imaginary: 4596, Real: 1
2024-07-29 23:00:11,378   Imaginary: 13186, Real: 0
2024-07-29 23:00:11,378   Imaginary: 1, Real: 0
2024-07-29 23:00:11,378   Imaginary: 258, Real: 772
2024-07-29 23:00:11,378   Imaginary: 1286, Real: 1800
2024-07-29 23:00:11,378   Imaginary: 512, Real: 774
2024-07-29 23:00:11,378   Imaginary: 64, Real: 6
2024-07-29 23:00:11,379   Imaginary: 26691, Real: 10
2024-07-29 23:00:11,379   Imaginary: 228, Real: 0
2024-07-29 23:00:11,379   Imaginary: -24151, Real: -6218
2024-07-29 23:00:11,379   Imaginary: 1, Real: 0
2024-07-29 23:00:11,379   Imaginary: 1, Real: 0
2024-07-29 23:00:11,379   Imaginary: 0, Real: 0
2024-07-29 23:00:11,379   Imaginary: 10, Real: 0
2024-07-29 23:00:11,379   Imaginary: 0, Real: 6
2024-07-29 23:00:11,379   Imaginary: 21536, Real: 2048
2024-07-29 23:00:11,379   Imaginary: 3882, Real: 1
2024-07-29 23:00:11,379   Imaginary: 13182, Real: 0
2024-07-29 23:00:11,379   Imaginary: 1, Real: 0
2024-07-29 23:00:11,379   Imaginary: 258, Real: 772
2024-07-29 23:00:11,379   Imaginary: 1286, Real: 1800
2024-07-29 23:00:11,379   Imaginary: 512, Real: 774
2024-07-29 23:00:11,379   Imaginary: 64, Real: 6
2024-07-29 23:00:11,379   Imaginary: 26691, Real: 10
2024-07-29 23:00:11,379   Imaginary: 229, Real: 0
2024-07-29 23:00:11,379   Imaginary: 2365, Real: -5454
2024-07-29 23:00:11,379   Imaginary: 2, Real: 0
2024-07-29 23:00:11,379   Imaginary: 1, Real: 0
2024-07-29 23:00:11,379   Imaginary: 0, Real: 0
2024-07-29 23:00:11,379   Imaginary: 10, Real: 0
2024-07-29 23:00:11,379   Imaginary: 0, Real: 6
2024-07-29 23:00:11,379   Imaginary: 21536, Real: 2048
2024-07-29 23:00:11,379   Imaginary: 24196, Real: 1
2024-07-29 23:00:11,379   Imaginary: 22020, Real: 0
2024-07-29 23:00:11,379   Imaginary: 2, Real: 0
2024-07-29 23:00:11,379   Imaginary: 258, Real: 772
2024-07-29 23:00:11,379   Imaginary: 1286, Real: 1800
2024-07-29 23:00:11,379   Imaginary: 512, Real: 774
2024-07-29 23:00:11,379   Imaginary: 64, Real: 6
2024-07-29 23:00:11,379   Imaginary: 26691, Real: 10
2024-07-29 23:00:11,379   Imaginary: 230, Real: 0
2024-07-29 23:00:11,379   Imaginary: -5722, Real: -4692
2024-07-29 23:00:11,379   Imaginary: 2, Real: 0
2024-07-29 23:00:11,379   Imaginary: 1, Real: 0
2024-07-29 23:00:11,379   Imaginary: 0, Real: 0
2024-07-29 23:00:11,379   Imaginary: 10, Real: 0
2024-07-29 23:00:11,379   Imaginary: 0, Real: 6
2024-07-29 23:00:11,379   Imaginary: 21536, Real: 2048
2024-07-29 23:00:11,379   Imaginary: 21532, Real: 1
2024-07-29 23:00:11,379   Imaginary: 21025, Real: 0
2024-07-29 23:00:11,379   Imaginary: 2, Real: 0
2024-07-29 23:00:11,379   Imaginary: 258, Real: 772
2024-07-29 23:00:11,379   Imaginary: 1286, Real: 1800
2024-07-29 23:00:11,379   Imaginary: 512, Real: 774
2024-07-29 23:00:11,379   Imaginary: 64, Real: 6
2024-07-29 23:00:11,379   Imaginary: 26691, Real: 10
2024-07-29 23:00:11,379   Imaginary: 231, Real: 0
2024-07-29 23:00:11,379   Imaginary: 31502, Real: -3929
2024-07-29 23:00:11,379   Imaginary: 1, Real: 0
2024-07-29 23:00:11,379   Imaginary: 1, Real: 0
2024-07-29 23:00:11,379   Imaginary: 0, Real: 0
2024-07-29 23:00:11,379   Imaginary: 10, Real: 0
2024-07-29 23:00:11,379   Imaginary: 0, Real: 6
2024-07-29 23:00:11,379   Imaginary: -18587, Real: -17841
2024-07-29 23:00:11,379   Imaginary: -26884, Real: -17835
2024-07-29 23:00:11,379   Imaginary: 0, Real: 0
2024-07-29 23:00:11,379   Imaginary: 0, Real: 16368
2024-07-29 23:00:11,379   Imaginary: 258, Real: 772
2024-07-29 23:00:11,379   Imaginary: 1286, Real: 1800
2024-07-29 23:00:11,379   Imaginary: 512, Real: 774
2024-07-29 23:00:11,379   Imaginary: 64, Real: 6
2024-07-29 23:00:11,379   Imaginary: 26691, Real: 10
2024-07-29 23:00:11,379   Imaginary: 232, Real: 0
2024-07-29 23:00:11,379   Imaginary: -10781, Real: -3166
2024-07-29 23:00:11,379   Imaginary: 2, Real: 0
2024-07-29 23:00:11,379   Imaginary: 1, Real: 0
2024-07-29 23:00:11,379   Imaginary: 0, Real: 0
2024-07-29 23:00:11,379   Imaginary: 10, Real: 0
2024-07-29 23:00:11,379   Imaginary: 0, Real: 6
2024-07-29 23:00:11,379   Imaginary: 21536, Real: 2048
2024-07-29 23:00:11,379   Imaginary: 24736, Real: 1
2024-07-29 23:00:11,379   Imaginary: 21029, Real: 0
2024-07-29 23:00:11,379   Imaginary: 2, Real: 0
2024-07-29 23:00:11,379   Imaginary: 258, Real: 772
2024-07-29 23:00:11,379   Imaginary: 1286, Real: 1800
2024-07-29 23:00:11,379   Imaginary: 512, Real: 774
2024-07-29 23:00:11,379   Imaginary: 64, Real: 6
2024-07-29 23:00:11,379   Imaginary: 26691, Real: 10
2024-07-29 23:00:11,379   Imaginary: 233, Real: 0
2024-07-29 23:00:11,379   Imaginary: 22298, Real: -2403
2024-07-29 23:00:11,379   Imaginary: 1, Real: 0
2024-07-29 23:00:11,379   Imaginary: 1, Real: 0
2024-07-29 23:00:11,379   Imaginary: 0, Real: 0
2024-07-29 23:00:11,379   Imaginary: 10, Real: 0
2024-07-29 23:00:11,379   Imaginary: 0, Real: 6
2024-07-29 23:00:11,379   Imaginary: 21536, Real: 2048
2024-07-29 23:00:11,379   Imaginary: 4309, Real: 1
2024-07-29 23:00:11,379   Imaginary: 13186, Real: 0
2024-07-29 23:00:11,379   Imaginary: 1, Real: 0
2024-07-29 23:00:11,379   Imaginary: 258, Real: 772
2024-07-29 23:00:11,379   Imaginary: 1286, Real: 1800
2024-07-29 23:00:11,379   Imaginary: 512, Real: 774
2024-07-29 23:00:11,379   Imaginary: 64, Real: 6
2024-07-29 23:00:11,379   Imaginary: 26691, Real: 10
2024-07-29 23:00:11,379   Imaginary: 234, Real: 0
2024-07-29 23:00:11,379   Imaginary: 17779, Real: -1640
2024-07-29 23:00:11,379   Imaginary: 1, Real: 0
2024-07-29 23:00:11,379   Imaginary: 1, Real: 0
2024-07-29 23:00:11,379   Imaginary: 0, Real: 0
2024-07-29 23:00:11,379   Imaginary: 10, Real: 0
2024-07-29 23:00:11,379   Imaginary: 0, Real: 6
2024-07-29 23:00:11,379   Imaginary: 21536, Real: 2048
2024-07-29 23:00:11,379   Imaginary: 3942, Real: 1
2024-07-29 23:00:11,379   Imaginary: 13182, Real: 0
2024-07-29 23:00:11,379   Imaginary: 1, Real: 0
2024-07-29 23:00:11,379   Imaginary: 258, Real: 772
2024-07-29 23:00:11,379   Imaginary: 1286, Real: 1800
2024-07-29 23:00:11,379   Imaginary: 512, Real: 774
2024-07-29 23:00:11,379   Imaginary: 64, Real: 6
2024-07-29 23:00:11,379   Imaginary: 26691, Real: 10
2024-07-29 23:00:11,379   Imaginary: 235, Real: 0
2024-07-29 23:00:11,379   Imaginary: 16485, Real: -877
2024-07-29 23:00:11,379   Imaginary: 1, Real: 0
2024-07-29 23:00:11,379   Imaginary: 1, Real: 0
2024-07-29 23:00:11,379   Imaginary: 0, Real: 0
2024-07-29 23:00:11,379   Imaginary: 10, Real: 0
2024-07-29 23:00:11,379   Imaginary: 0, Real: 6
2024-07-29 23:00:11,379   Imaginary: 21536, Real: 2048
2024-07-29 23:00:11,379   Imaginary: 6920, Real: 1
2024-07-29 23:00:11,379   Imaginary: 13186, Real: 0
2024-07-29 23:00:11,379   Imaginary: 1, Real: 0
2024-07-29 23:00:11,379   Imaginary: 258, Real: 772
2024-07-29 23:00:11,379   Imaginary: 1286, Real: 1800
2024-07-29 23:00:11,379   Imaginary: 512, Real: 774
2024-07-29 23:00:11,379   Imaginary: 64, Real: 6
2024-07-29 23:00:11,379   Imaginary: 26691, Real: 10
2024-07-29 23:00:11,379   Imaginary: 236, Real: 0
2024-07-29 23:00:11,379   Imaginary: 11901, Real: -114
2024-07-29 23:00:11,379   Imaginary: 1, Real: 0
2024-07-29 23:00:11,379   Imaginary: 1, Real: 0
2024-07-29 23:00:11,379   Imaginary: 0, Real: 0
2024-07-29 23:00:11,379   Imaginary: 10, Real: 0
2024-07-29 23:00:11,379   Imaginary: 0, Real: 6
2024-07-29 23:00:11,379   Imaginary: -18587, Real: -17841
2024-07-29 23:00:11,379   Imaginary: -26884, Real: -17835
2024-07-29 23:00:11,379   Imaginary: 0, Real: 0
2024-07-29 23:00:11,379   Imaginary: 0, Real: 16368
2024-07-29 23:00:11,379   Imaginary: 258, Real: 772
2024-07-29 23:00:11,379   Imaginary: 1286, Real: 1800
2024-07-29 23:00:11,379   Imaginary: 512, Real: 774
2024-07-29 23:00:11,379   Imaginary: 64, Real: 6
2024-07-29 23:00:11,379   Imaginary: 26691, Real: 10
2024-07-29 23:00:11,379   Imaginary: 237, Real: 0
2024-07-29 23:00:11,379   Imaginary: -22945, Real: 649
2024-07-29 23:00:11,379   Imaginary: 3, Real: 0
2024-07-29 23:00:11,379   Imaginary: 1, Real: 0
2024-07-29 23:00:11,379   Imaginary: 0, Real: 0
2024-07-29 23:00:11,379   Imaginary: 10, Real: 0
2024-07-29 23:00:11,379   Imaginary: 0, Real: 6
2024-07-29 23:00:11,379   Imaginary: 21536, Real: 2048
2024-07-29 23:00:11,379   Imaginary: 31741, Real: 1
2024-07-29 23:00:11,379   Imaginary: 21021, Real: 0
2024-07-29 23:00:11,379   Imaginary: 3, Real: 0
2024-07-29 23:00:11,379   Imaginary: 258, Real: 772
2024-07-29 23:00:11,379   Imaginary: 1286, Real: 1800
2024-07-29 23:00:11,379   Imaginary: 512, Real: 774
2024-07-29 23:00:11,379   Imaginary: 64, Real: 6
2024-07-29 23:00:11,379   Imaginary: 26691, Real: 10
2024-07-29 23:00:11,379   Imaginary: 238, Real: 0
2024-07-29 23:00:11,379   Imaginary: 31997, Real: 1412
2024-07-29 23:00:11,379   Imaginary: 2, Real: 0
2024-07-29 23:00:11,379   Imaginary: 1, Real: 0
2024-07-29 23:00:11,379   Imaginary: 0, Real: 0
2024-07-29 23:00:11,379   Imaginary: 10, Real: 0
2024-07-29 23:00:11,379   Imaginary: 0, Real: 6
2024-07-29 23:00:11,379   Imaginary: 21536, Real: 2048
2024-07-29 23:00:11,379   Imaginary: 23532, Real: 1
2024-07-29 23:00:11,379   Imaginary: 21970, Real: 0
2024-07-29 23:00:11,379   Imaginary: 2, Real: 0
2024-07-29 23:00:11,379   Imaginary: 258, Real: 772
2024-07-29 23:00:11,379   Imaginary: 1286, Real: 1800
2024-07-29 23:00:11,379   Imaginary: 512, Real: 774
2024-07-29 23:00:11,379   Imaginary: 64, Real: 6
2024-07-29 23:00:11,379   Imaginary: 26691, Real: 10
2024-07-29 23:00:11,379   Imaginary: 239, Real: 0
2024-07-29 23:00:11,385   Imaginary: -1567, Real: 2174
2024-07-29 23:00:11,385   Imaginary: 1, Real: 0
2024-07-29 23:00:11,385   Imaginary: 1, Real: 0
2024-07-29 23:00:11,385   Imaginary: 0, Real: 0
2024-07-29 23:00:11,385   Imaginary: 10, Real: 0
2024-07-29 23:00:11,385   Imaginary: 0, Real: 6
2024-07-29 23:00:11,385   Imaginary: 21536, Real: 2048
2024-07-29 23:00:11,385   Imaginary: 4251, Real: 1
2024-07-29 23:00:11,385   Imaginary: 13186, Real: 0
2024-07-29 23:00:11,385   Imaginary: 1, Real: 0
2024-07-29 23:00:11,385   Imaginary: 258, Real: 772
2024-07-29 23:00:11,385   Imaginary: 1286, Real: 1800
2024-07-29 23:00:11,385   Imaginary: 512, Real: 774
2024-07-29 23:00:11,385   Imaginary: 64, Real: 6
2024-07-29 23:00:11,385   Imaginary: 26691, Real: 10
2024-07-29 23:00:11,385   Imaginary: 240, Real: 0
2024-07-29 23:00:11,385   Imaginary: 22426, Real: 2938
2024-07-29 23:00:11,385   Imaginary: 2, Real: 0
2024-07-29 23:00:11,385   Imaginary: 1, Real: 0
2024-07-29 23:00:11,385   Imaginary: 0, Real: 0
2024-07-29 23:00:11,385   Imaginary: 10, Real: 0
2024-07-29 23:00:11,385   Imaginary: 0, Real: 6
2024-07-29 23:00:11,385   Imaginary: 21536, Real: 2048
2024-07-29 23:00:11,385   Imaginary: 23473, Real: 1
2024-07-29 23:00:11,385   Imaginary: 21713, Real: 0
2024-07-29 23:00:11,385   Imaginary: 2, Real: 0
2024-07-29 23:00:11,385   Imaginary: 258, Real: 772
2024-07-29 23:00:11,385   Imaginary: 1286, Real: 1800
2024-07-29 23:00:11,385   Imaginary: 512, Real: 774
2024-07-29 23:00:11,385   Imaginary: 64, Real: 6
2024-07-29 23:00:11,386   Imaginary: 26691, Real: 10
2024-07-29 23:00:11,386   Imaginary: 241, Real: 0
2024-07-29 23:00:11,386   Imaginary: 18528, Real: 3701
2024-07-29 23:00:11,386   Imaginary: 2, Real: 0
2024-07-29 23:00:11,386   Imaginary: 1, Real: 0
2024-07-29 23:00:11,386   Imaginary: 0, Real: 0
2024-07-29 23:00:11,386   Imaginary: 10, Real: 0
2024-07-29 23:00:11,386   Imaginary: 0, Real: 6
2024-07-29 23:00:11,386   Imaginary: 21536, Real: 2048
2024-07-29 23:00:11,386   Imaginary: 23861, Real: 1
2024-07-29 23:00:11,386   Imaginary: 21703, Real: 0
2024-07-29 23:00:11,386   Imaginary: 2, Real: 0
2024-07-29 23:00:11,386   Imaginary: 258, Real: 772
2024-07-29 23:00:11,386   Imaginary: 1286, Real: 1800
2024-07-29 23:00:11,386   Imaginary: 512, Real: 774
2024-07-29 23:00:11,386   Imaginary: 64, Real: 6
2024-07-29 23:00:11,386   Imaginary: 26691, Real: 10
2024-07-29 23:00:11,386   Imaginary: 242, Real: 0
2024-07-29 23:00:11,386   Imaginary: 14247, Real: 4464
2024-07-29 23:00:11,386   Imaginary: 2, Real: 0
2024-07-29 23:00:11,386   Imaginary: 1, Real: 0
2024-07-29 23:00:11,386   Imaginary: 0, Real: 0
2024-07-29 23:00:11,386   Imaginary: 10, Real: 0
2024-07-29 23:00:11,386   Imaginary: 0, Real: 6
2024-07-29 23:00:11,386   Imaginary: 21536, Real: 2048
2024-07-29 23:00:11,386   Imaginary: 22467, Real: 1
2024-07-29 23:00:11,386   Imaginary: 22672, Real: 0
2024-07-29 23:00:11,386   Imaginary: 2, Real: 0
2024-07-29 23:00:11,386   Imaginary: 258, Real: 772
2024-07-29 23:00:11,386   Imaginary: 1286, Real: 1800
2024-07-29 23:00:11,386   Imaginary: 512, Real: 774
2024-07-29 23:00:11,386   Imaginary: 64, Real: 6
2024-07-29 23:00:11,386   Imaginary: 26691, Real: 10
2024-07-29 23:00:11,386   Imaginary: 243, Real: 0
2024-07-29 23:00:11,386   Imaginary: -18271, Real: 5226
2024-07-29 23:00:11,386   Imaginary: 1, Real: 0
2024-07-29 23:00:11,386   Imaginary: 1, Real: 0
2024-07-29 23:00:11,386   Imaginary: 0, Real: 0
2024-07-29 23:00:11,386   Imaginary: 10, Real: 0
2024-07-29 23:00:11,386   Imaginary: 0, Real: 6
2024-07-29 23:00:11,386   Imaginary: 21536, Real: 2048
2024-07-29 23:00:11,386   Imaginary: 3544, Real: 1
2024-07-29 23:00:11,386   Imaginary: 13186, Real: 0
2024-07-29 23:00:11,386   Imaginary: 1, Real: 0
2024-07-29 23:00:11,386   Imaginary: 258, Real: 772
2024-07-29 23:00:11,386   Imaginary: 1286, Real: 1800
2024-07-29 23:00:11,386   Imaginary: 512, Real: 774
2024-07-29 23:00:11,386   Imaginary: 64, Real: 6
2024-07-29 23:00:11,386   Imaginary: 26691, Real: 10
2024-07-29 23:00:11,386   Imaginary: 244, Real: 0
2024-07-29 23:00:11,386   Imaginary: 6711, Real: 5990
2024-07-29 23:00:11,386   Imaginary: 2, Real: 0
2024-07-29 23:00:11,386   Imaginary: 1, Real: 0
2024-07-29 23:00:11,386   Imaginary: 0, Real: 0
2024-07-29 23:00:11,386   Imaginary: 10, Real: 0
2024-07-29 23:00:11,386   Imaginary: 0, Real: 6
2024-07-29 23:00:11,386   Imaginary: 21536, Real: 2048
2024-07-29 23:00:11,386   Imaginary: 23633, Real: 1
2024-07-29 23:00:11,386   Imaginary: 21697, Real: 0
2024-07-29 23:00:11,386   Imaginary: 2, Real: 0
2024-07-29 23:00:11,386   Imaginary: 258, Real: 772
2024-07-29 23:00:11,386   Imaginary: 1286, Real: 1800
2024-07-29 23:00:11,386   Imaginary: 512, Real: 774
2024-07-29 23:00:11,386   Imaginary: 64, Real: 6
2024-07-29 23:00:11,386   Imaginary: 26691, Real: 10
2024-07-29 23:00:11,386   Imaginary: 245, Real: 0
2024-07-29 23:00:11,386   Imaginary: 3408, Real: 6753
2024-07-29 23:00:11,386   Imaginary: 2, Real: 0
2024-07-29 23:00:11,386   Imaginary: 1, Real: 0
2024-07-29 23:00:11,386   Imaginary: 0, Real: 0
2024-07-29 23:00:11,386   Imaginary: 10, Real: 0
2024-07-29 23:00:11,386   Imaginary: 0, Real: 6
2024-07-29 23:00:11,386   Imaginary: 21536, Real: 2048
2024-07-29 23:00:11,386   Imaginary: 24218, Real: 1
2024-07-29 23:00:11,386   Imaginary: 21700, Real: 0
2024-07-29 23:00:11,386   Imaginary: 2, Real: 0
2024-07-29 23:00:11,386   Imaginary: 258, Real: 772
2024-07-29 23:00:11,386   Imaginary: 1286, Real: 1800
2024-07-29 23:00:11,386   Imaginary: 512, Real: 774
2024-07-29 23:00:11,386   Imaginary: 64, Real: 6
2024-07-29 23:00:11,386   Imaginary: 26691, Real: 10
2024-07-29 23:00:11,386   Imaginary: 246, Real: 0
2024-07-29 23:00:11,386   Imaginary: -565, Real: 7515
2024-07-29 23:00:11,386   Imaginary: 2, Real: 0
2024-07-29 23:00:11,386   Imaginary: 1, Real: 0
2024-07-29 23:00:11,386   Imaginary: 0, Real: 0
2024-07-29 23:00:11,386   Imaginary: 10, Real: 0
2024-07-29 23:00:11,386   Imaginary: 0, Real: 6
2024-07-29 23:00:11,386   Imaginary: 21536, Real: 2048
2024-07-29 23:00:11,386   Imaginary: 24078, Real: 1
2024-07-29 23:00:11,386   Imaginary: 21685, Real: 0
2024-07-29 23:00:11,386   Imaginary: 2, Real: 0
2024-07-29 23:00:11,386   Imaginary: 258, Real: 772
2024-07-29 23:00:11,386   Imaginary: 1286, Real: 1800
2024-07-29 23:00:11,386   Imaginary: 512, Real: 774
2024-07-29 23:00:11,386   Imaginary: 64, Real: 6
2024-07-29 23:00:11,386   Imaginary: 26691, Real: 10
2024-07-29 23:00:11,386   Imaginary: 247, Real: 0
2024-07-29 23:00:11,386   Imaginary: -4990, Real: 8278
2024-07-29 23:00:11,386   Imaginary: 2, Real: 0
2024-07-29 23:00:11,386   Imaginary: 1, Real: 0
2024-07-29 23:00:11,386   Imaginary: 0, Real: 0
2024-07-29 23:00:11,386   Imaginary: 10, Real: 0
2024-07-29 23:00:11,386   Imaginary: 0, Real: 6
2024-07-29 23:00:11,386   Imaginary: 21536, Real: 2048
2024-07-29 23:00:11,386   Imaginary: 23624, Real: 1
2024-07-29 23:00:11,386   Imaginary: 21700, Real: 0
2024-07-29 23:00:11,386   Imaginary: 2, Real: 0
2024-07-29 23:00:11,386   Imaginary: 258, Real: 772
2024-07-29 23:00:11,386   Imaginary: 1286, Real: 1800
2024-07-29 23:00:11,386   Imaginary: 512, Real: 774
2024-07-29 23:00:11,386   Imaginary: 64, Real: 6
2024-07-29 23:00:11,386   Imaginary: 26691, Real: 10
2024-07-29 23:00:11,386   Imaginary: 248, Real: 0
2024-07-29 23:00:11,386   Imaginary: -7557, Real: 9041
2024-07-29 23:00:11,386   Imaginary: 2, Real: 0
2024-07-29 23:00:11,386   Imaginary: 1, Real: 0
2024-07-29 23:00:11,386   Imaginary: 0, Real: 0
2024-07-29 23:00:11,386   Imaginary: 10, Real: 0
2024-07-29 23:00:11,386   Imaginary: 0, Real: 6
2024-07-29 23:00:11,386   Imaginary: 21536, Real: 2048
2024-07-29 23:00:11,386   Imaginary: 25214, Real: 1
2024-07-29 23:00:11,386   Imaginary: 21611, Real: 0
2024-07-29 23:00:11,386   Imaginary: 2, Real: 0
2024-07-29 23:00:11,386   Imaginary: 258, Real: 772
2024-07-29 23:00:11,386   Imaginary: 1286, Real: 1800
2024-07-29 23:00:11,386   Imaginary: 512, Real: 774
2024-07-29 23:00:11,386   Imaginary: 64, Real: 6
2024-07-29 23:00:11,386   Imaginary: 26691, Real: 10
2024-07-29 23:00:11,386   Imaginary: 249, Real: 0
2024-07-29 23:00:11,386   Imaginary: 25719, Real: 9804
2024-07-29 23:00:11,386   Imaginary: 1, Real: 0
2024-07-29 23:00:11,386   Imaginary: 1, Real: 0
2024-07-29 23:00:11,386   Imaginary: 0, Real: 0
2024-07-29 23:00:11,386   Imaginary: 10, Real: 0
2024-07-29 23:00:11,386   Imaginary: 0, Real: 6
2024-07-29 23:00:11,386   Imaginary: -18587, Real: -17841
2024-07-29 23:00:11,386   Imaginary: -26884, Real: -17835
2024-07-29 23:00:11,386   Imaginary: 0, Real: 0
2024-07-29 23:00:11,386   Imaginary: 0, Real: 16368
2024-07-29 23:00:11,386   Imaginary: 258, Real: 772
2024-07-29 23:00:11,386   Imaginary: 1286, Real: 1800
2024-07-29 23:00:11,386   Imaginary: 512, Real: 774
2024-07-29 23:00:11,386   Imaginary: 64, Real: 6
2024-07-29 23:00:11,386   Imaginary: 26691, Real: 10
2024-07-29 23:00:11,386   Imaginary: 250, Real: 0
2024-07-29 23:00:11,386   Imaginary: -12276, Real: 10567
2024-07-29 23:00:11,386   Imaginary: 2, Real: 0
2024-07-29 23:00:11,386   Imaginary: 1, Real: 0
2024-07-29 23:00:11,386   Imaginary: 0, Real: 0
2024-07-29 23:00:11,386   Imaginary: 10, Real: 0
2024-07-29 23:00:11,386   Imaginary: 0, Real: 6
2024-07-29 23:00:11,386   Imaginary: 21536, Real: 2048
2024-07-29 23:00:11,386   Imaginary: 25110, Real: 1
2024-07-29 23:00:11,386   Imaginary: 21812, Real: 0
2024-07-29 23:00:11,386   Imaginary: 2, Real: 0
2024-07-29 23:00:11,386   Imaginary: 258, Real: 772
2024-07-29 23:00:11,386   Imaginary: 1286, Real: 1800
2024-07-29 23:00:11,386   Imaginary: 512, Real: 774
2024-07-29 23:00:11,386   Imaginary: 64, Real: 6
2024-07-29 23:00:11,386   Imaginary: 26691, Real: 10
2024-07-29 23:00:11,386   Imaginary: 251, Real: 0
2024-07-29 23:00:11,386   Imaginary: 16428, Real: 11330
2024-07-29 23:00:11,386   Imaginary: 1, Real: 0
2024-07-29 23:00:11,386   Imaginary: 1, Real: 0
2024-07-29 23:00:11,386   Imaginary: 0, Real: 0
2024-07-29 23:00:11,386   Imaginary: 10, Real: 0
2024-07-29 23:00:11,386   Imaginary: 0, Real: 6
2024-07-29 23:00:11,386   Imaginary: 21536, Real: 2048
2024-07-29 23:00:11,386   Imaginary: 4087, Real: 1
2024-07-29 23:00:11,386   Imaginary: 13173, Real: 0
2024-07-29 23:00:11,386   Imaginary: 1, Real: 0
2024-07-29 23:00:11,386   Imaginary: 258, Real: 772
2024-07-29 23:00:11,386   Imaginary: 1286, Real: 1800
2024-07-29 23:00:11,386   Imaginary: 512, Real: 774
2024-07-29 23:00:11,386   Imaginary: 64, Real: 6
2024-07-29 23:00:11,386   Imaginary: 26691, Real: 10
2024-07-29 23:00:11,386   Imaginary: 252, Real: 0
2024-07-29 23:00:11,386   Imaginary: 11772, Real: 12093
2024-07-29 23:00:11,386   Imaginary: 1, Real: 0
2024-07-29 23:00:11,386   Imaginary: 1, Real: 0
2024-07-29 23:00:11,386   Imaginary: 0, Real: 0
2024-07-29 23:00:11,386   Imaginary: 10, Real: 0
2024-07-29 23:00:11,386   Imaginary: 0, Real: 6
2024-07-29 23:00:11,386   Imaginary: 21536, Real: 2048
2024-07-29 23:00:11,386   Imaginary: 3540, Real: 1
2024-07-29 23:00:11,386   Imaginary: 13182, Real: 0
2024-07-29 23:00:11,386   Imaginary: 1, Real: 0
2024-07-29 23:00:11,393   Imaginary: 258, Real: 772
2024-07-29 23:00:11,393   Imaginary: 1286, Real: 1800
2024-07-29 23:00:11,393   Imaginary: 512, Real: 774
2024-07-29 23:00:11,393   Imaginary: 64, Real: 6
2024-07-29 23:00:11,393   Imaginary: 26691, Real: 10
2024-07-29 23:00:11,393   Imaginary: 253, Real: 0
2024-07-29 23:00:11,393   Imaginary: 7491, Real: 12856
2024-07-29 23:00:11,393   Imaginary: 1, Real: 0
2024-07-29 23:00:11,393   Imaginary: 1, Real: 0
2024-07-29 23:00:11,393   Imaginary: 0, Real: 0
2024-07-29 23:00:11,393   Imaginary: 10, Real: 0
2024-07-29 23:00:11,393   Imaginary: 0, Real: 6
2024-07-29 23:00:11,393   Imaginary: 21536, Real: 2048
2024-07-29 23:00:11,393   Imaginary: 3529, Real: 1
2024-07-29 23:00:11,393   Imaginary: 13186, Real: 0
2024-07-29 23:00:11,393   Imaginary: 1, Real: 0
2024-07-29 23:00:11,393   Imaginary: 258, Real: 772
2024-07-29 23:00:11,393   Imaginary: 1286, Real: 1800
2024-07-29 23:00:11,393   Imaginary: 512, Real: 774
2024-07-29 23:00:11,393   Imaginary: 64, Real: 6
2024-07-29 23:00:11,393   Imaginary: 26691, Real: 10
2024-07-29 23:00:11,393   Imaginary: 254, Real: 0
2024-07-29 23:00:11,393   Imaginary: 3049, Real: 13619
2024-07-29 23:00:11,393   Imaginary: 1, Real: 0
2024-07-29 23:00:11,393   Imaginary: 1, Real: 0
2024-07-29 23:00:11,393   Imaginary: 0, Real: 0
2024-07-29 23:00:11,393   Imaginary: 10, Real: 0
2024-07-29 23:00:11,393   Imaginary: 0, Real: 6
2024-07-29 23:00:11,393   Imaginary: 21536, Real: 2048
2024-07-29 23:00:11,394   Imaginary: 3259, Real: 1
2024-07-29 23:00:11,394   Imaginary: 13186, Real: 0
2024-07-29 23:00:11,394   Imaginary: 1, Real: 0
2024-07-29 23:00:11,394   Imaginary: 258, Real: 772
2024-07-29 23:00:11,394   Imaginary: 1286, Real: 1800
2024-07-29 23:00:11,394   Imaginary: 512, Real: 774
2024-07-29 23:00:11,394   Imaginary: 64, Real: 6
2024-07-29 23:00:11,394   Imaginary: 26691, Real: 10
2024-07-29 23:00:11,394   Imaginary: 255, Real: 0
2024-07-29 23:00:11,394   Imaginary: -1182, Real: 14381
2024-07-29 23:00:11,394   Imaginary: 1, Real: 0
2024-07-29 23:00:11,394   Imaginary: 1, Real: 0
2024-07-29 23:00:11,394   Imaginary: 0, Real: 0
2024-07-29 23:00:11,394   Imaginary: 10, Real: 0
2024-07-29 23:00:11,394   Imaginary: 0, Real: 6
2024-07-29 23:00:11,394   Imaginary: 21536, Real: 2048
2024-07-29 23:00:11,394   Imaginary: 2996, Real: 1
2024-07-29 23:00:11,394   Imaginary: 13186, Real: 0
2024-07-29 23:00:11,394   Imaginary: 1, Real: 0
2024-07-29 23:00:11,394   Imaginary: 258, Real: 772
2024-07-29 23:00:11,394   Imaginary: 1286, Real: 1800
2024-07-29 23:00:11,394   Imaginary: 512, Real: 774
2024-07-29 23:00:11,394   Imaginary: 64, Real: 6
2024-07-29 23:00:11,394   Imaginary: 26691, Real: 10
2024-07-29 23:00:11,394   Imaginary: 256, Real: 0
2024-07-29 23:00:11,395   Imaginary: -5092, Real: 15144
2024-07-29 23:00:11,395   Imaginary: 1, Real: 0
2024-07-29 23:00:11,395   Imaginary: 1, Real: 0
2024-07-29 23:00:11,395   Imaginary: 0, Real: 0
2024-07-29 23:00:11,395   Imaginary: 10, Real: 0
2024-07-29 23:00:11,395   Imaginary: 0, Real: 6
2024-07-29 23:00:11,395   Imaginary: 21536, Real: 2048
2024-07-29 23:00:11,395   Imaginary: 3075, Real: 1
2024-07-29 23:00:11,395   Imaginary: 13173, Real: 0
2024-07-29 23:00:11,395   Imaginary: 1, Real: 0
2024-07-29 23:00:11,395   Imaginary: 258, Real: 772
2024-07-29 23:00:11,395   Imaginary: 1286, Real: 1800
2024-07-29 23:00:11,395   Imaginary: 512, Real: 774
2024-07-29 23:00:11,395   Imaginary: 64, Real: 6
2024-07-29 23:00:11,395   Imaginary: 26691, Real: 10
2024-07-29 23:00:11,395   Imaginary: 257, Real: 0
2024-07-29 23:00:11,395   Imaginary: -9017, Real: 15907
2024-07-29 23:00:11,395   Imaginary: 1, Real: 0
2024-07-29 23:00:11,395   Imaginary: 1, Real: 0
2024-07-29 23:00:11,395   Imaginary: 0, Real: 0
2024-07-29 23:00:11,395   Imaginary: 10, Real: 0
2024-07-29 23:00:11,395   Imaginary: 0, Real: 6
2024-07-29 23:00:11,395   Imaginary: 21536, Real: 2048
2024-07-29 23:00:11,395   Imaginary: 3104, Real: 1
2024-07-29 23:00:11,395   Imaginary: 13186, Real: 0
2024-07-29 23:00:11,395   Imaginary: 1, Real: 0
2024-07-29 23:00:11,395   Imaginary: 258, Real: 772
2024-07-29 23:00:11,395   Imaginary: 1286, Real: 1800
2024-07-29 23:00:11,395   Imaginary: 512, Real: 774
2024-07-29 23:00:11,396   Imaginary: 64, Real: 6
2024-07-29 23:00:11,396   Imaginary: 26691, Real: 10
2024-07-29 23:00:11,396   Imaginary: 258, Real: 0
2024-07-29 23:00:11,396   Imaginary: -12989, Real: 16670
2024-07-29 23:00:11,396   Imaginary: 1, Real: 0
2024-07-29 23:00:11,396   Imaginary: 1, Real: 0
2024-07-29 23:00:11,396   Imaginary: 0, Real: 0
2024-07-29 23:00:11,396   Imaginary: 10, Real: 0
2024-07-29 23:00:11,396   Imaginary: 0, Real: 6
2024-07-29 23:00:11,396   Imaginary: 21536, Real: 2048
2024-07-29 23:00:11,396   Imaginary: 3093, Real: 1
2024-07-29 23:00:11,396   Imaginary: 13186, Real: 0
2024-07-29 23:00:11,396   Imaginary: 1, Real: 0
2024-07-29 23:00:11,396   Imaginary: 258, Real: 772
2024-07-29 23:00:11,396   Imaginary: 1286, Real: 1800
2024-07-29 23:00:11,396   Imaginary: 512, Real: 774
2024-07-29 23:00:11,396   Imaginary: 64, Real: 6
2024-07-29 23:00:11,396   Imaginary: 26691, Real: 10
2024-07-29 23:00:11,396   Imaginary: 259, Real: 0
2024-07-29 23:00:11,396   Imaginary: -16286, Real: 17433
2024-07-29 23:00:11,396   Imaginary: 1, Real: 0
2024-07-29 23:00:11,396   Imaginary: 1, Real: 0
2024-07-29 23:00:11,396   Imaginary: 0, Real: 0
2024-07-29 23:00:11,396   Imaginary: 10, Real: 0
2024-07-29 23:00:11,396   Imaginary: 0, Real: 6
2024-07-29 23:00:11,396   Imaginary: 21536, Real: 2048
2024-07-29 23:00:11,396   Imaginary: 3866, Real: 1
2024-07-29 23:00:11,396   Imaginary: 13186, Real: 0
2024-07-29 23:00:11,396   Imaginary: 1, Real: 0
2024-07-29 23:00:11,396   Imaginary: 258, Real: 772
2024-07-29 23:00:11,396   Imaginary: 1286, Real: 1800
2024-07-29 23:00:11,396   Imaginary: 512, Real: 774
2024-07-29 23:00:11,396   Imaginary: 64, Real: 6
2024-07-29 23:00:11,396   Imaginary: 26691, Real: 10
2024-07-29 23:00:11,396   Imaginary: 260, Real: 0
2024-07-29 23:00:11,396   Imaginary: -20645, Real: 18196
2024-07-29 23:00:11,396   Imaginary: 1, Real: 0
2024-07-29 23:00:11,396   Imaginary: 1, Real: 0
2024-07-29 23:00:11,396   Imaginary: 0, Real: 0
2024-07-29 23:00:11,396   Imaginary: 10, Real: 0
2024-07-29 23:00:11,396   Imaginary: 0, Real: 6
2024-07-29 23:00:11,396   Imaginary: 21536, Real: 2048
2024-07-29 23:00:11,396   Imaginary: 3380, Real: 1
2024-07-29 23:00:11,396   Imaginary: 13186, Real: 0
2024-07-29 23:00:11,396   Imaginary: 1, Real: 0
2024-07-29 23:00:11,396   Imaginary: 258, Real: 772
2024-07-29 23:00:11,396   Imaginary: 1286, Real: 1800
2024-07-29 23:00:11,396   Imaginary: 512, Real: 774
2024-07-29 23:00:11,396   Imaginary: 64, Real: 6
2024-07-29 23:00:11,396   Imaginary: 26691, Real: 10
2024-07-29 23:00:11,396   Imaginary: 261, Real: 0
2024-07-29 23:00:11,396   Imaginary: -24358, Real: 18959
2024-07-29 23:00:11,396   Imaginary: 1, Real: 0
2024-07-29 23:00:11,396   Imaginary: 1, Real: 0
2024-07-29 23:00:11,396   Imaginary: 0, Real: 0
2024-07-29 23:00:11,396   Imaginary: 10, Real: 0
2024-07-29 23:00:11,396   Imaginary: 0, Real: 6
2024-07-29 23:00:11,396   Imaginary: 21536, Real: 2048
2024-07-29 23:00:11,396   Imaginary: 3642, Real: 1
2024-07-29 23:00:11,396   Imaginary: 13173, Real: 0
2024-07-29 23:00:11,396   Imaginary: 1, Real: 0
2024-07-29 23:00:11,396   Imaginary: 258, Real: 772
2024-07-29 23:00:11,396   Imaginary: 1286, Real: 1800
2024-07-29 23:00:11,396   Imaginary: 512, Real: 774
2024-07-29 23:00:11,396   Imaginary: 64, Real: 6
2024-07-29 23:00:11,396   Imaginary: 26691, Real: 10
2024-07-29 23:00:11,396   Imaginary: 262, Real: 0
2024-07-29 23:00:11,396   Imaginary: -23909, Real: 19722
2024-07-29 23:00:11,396   Imaginary: 1, Real: 0
2024-07-29 23:00:11,396   Imaginary: 1, Real: 0
2024-07-29 23:00:11,396   Imaginary: 0, Real: 0
2024-07-29 23:00:11,396   Imaginary: 10, Real: 0
2024-07-29 23:00:11,396   Imaginary: 0, Real: 6
2024-07-29 23:00:11,396   Imaginary: 21536, Real: 2048
2024-07-29 23:00:11,396   Imaginary: 4897, Real: 1
2024-07-29 23:00:11,396   Imaginary: 13186, Real: 0
2024-07-29 23:00:11,396   Imaginary: 1, Real: 0
2024-07-29 23:00:11,396   Imaginary: 258, Real: 772
2024-07-29 23:00:11,396   Imaginary: 1286, Real: 1800
2024-07-29 23:00:11,396   Imaginary: 512, Real: 774
2024-07-29 23:00:11,396   Imaginary: 64, Real: 6
2024-07-29 23:00:11,396   Imaginary: 26691, Real: 10
2024-07-29 23:00:11,396   Imaginary: 263, Real: 0
2024-07-29 23:00:11,396   Imaginary: -2416, Real: 20485
2024-07-29 23:00:11,396   Imaginary: 2, Real: 0
2024-07-29 23:00:11,396   Imaginary: 1, Real: 0
2024-07-29 23:00:11,396   Imaginary: 0, Real: 0
2024-07-29 23:00:11,396   Imaginary: 10, Real: 0
2024-07-29 23:00:11,396   Imaginary: 0, Real: 6
2024-07-29 23:00:11,396   Imaginary: 21536, Real: 2048
2024-07-29 23:00:11,396   Imaginary: 24654, Real: 1
2024-07-29 23:00:11,396   Imaginary: 21033, Real: 0
2024-07-29 23:00:11,396   Imaginary: 2, Real: 0
2024-07-29 23:00:11,396   Imaginary: 258, Real: 772
2024-07-29 23:00:11,396   Imaginary: 1286, Real: 1800
2024-07-29 23:00:11,396   Imaginary: 512, Real: 774
2024-07-29 23:00:11,396   Imaginary: 64, Real: 6
2024-07-29 23:00:11,396   Imaginary: 26691, Real: 10
2024-07-29 23:00:11,396   Imaginary: 264, Real: 0
2024-07-29 23:00:11,396   Imaginary: -4590, Real: 21248
2024-07-29 23:00:11,396   Imaginary: 2, Real: 0
2024-07-29 23:00:11,396   Imaginary: 1, Real: 0
2024-07-29 23:00:11,396   Imaginary: 0, Real: 0
2024-07-29 23:00:11,396   Imaginary: 10, Real: 0
2024-07-29 23:00:11,396   Imaginary: 0, Real: 6
2024-07-29 23:00:11,396   Imaginary: 21536, Real: 2048
2024-07-29 23:00:11,396   Imaginary: 26010, Real: 1
2024-07-29 23:00:11,396   Imaginary: 21706, Real: 0
2024-07-29 23:00:11,396   Imaginary: 2, Real: 0
2024-07-29 23:00:11,396   Imaginary: 258, Real: 772
2024-07-29 23:00:11,396   Imaginary: 1286, Real: 1800
2024-07-29 23:00:11,396   Imaginary: 512, Real: 774
2024-07-29 23:00:11,396   Imaginary: 64, Real: 6
2024-07-29 23:00:11,396   Imaginary: 26691, Real: 10
2024-07-29 23:00:11,396   Imaginary: 265, Real: 0
2024-07-29 23:00:11,396   Imaginary: -4044, Real: 22011
2024-07-29 23:00:11,396   Imaginary: 3, Real: 0
2024-07-29 23:00:11,396   Imaginary: 1, Real: 0
2024-07-29 23:00:11,396   Imaginary: 0, Real: 0
2024-07-29 23:00:11,396   Imaginary: 10, Real: 0
2024-07-29 23:00:11,400   Imaginary: 0, Real: 6
2024-07-29 23:00:11,400   Imaginary: 21536, Real: 2048
2024-07-29 23:00:11,400   Imaginary: 30752, Real: 1
2024-07-29 23:00:11,400   Imaginary: 21711, Real: 0
2024-07-29 23:00:11,400   Imaginary: 3, Real: 0
2024-07-29 23:00:11,400   Imaginary: 258, Real: 772
2024-07-29 23:00:11,400   Imaginary: 1286, Real: 1800
2024-07-29 23:00:11,400   Imaginary: 512, Real: 774
2024-07-29 23:00:11,400   Imaginary: 64, Real: 6
2024-07-29 23:00:11,400   Imaginary: 26691, Real: 10
2024-07-29 23:00:11,400   Imaginary: 266, Real: 0
2024-07-29 23:00:11,400   Imaginary: 24407, Real: 22774
2024-07-29 23:00:11,400   Imaginary: 1, Real: 0
2024-07-29 23:00:11,400   Imaginary: 1, Real: 0
2024-07-29 23:00:11,400   Imaginary: 0, Real: 0
2024-07-29 23:00:11,400   Imaginary: 10, Real: 0
2024-07-29 23:00:11,400   Imaginary: 0, Real: 6
2024-07-29 23:00:11,400   Imaginary: 21536, Real: 2048
2024-07-29 23:00:11,400   Imaginary: 5104, Real: 1
2024-07-29 23:00:11,400   Imaginary: 13173, Real: 0
2024-07-29 23:00:11,400   Imaginary: 1, Real: 0
2024-07-29 23:00:11,400   Imaginary: 258, Real: 772
2024-07-29 23:00:11,401   Imaginary: 1286, Real: 1800
2024-07-29 23:00:11,401   Imaginary: 512, Real: 774
2024-07-29 23:00:11,401   Imaginary: 64, Real: 6
2024-07-29 23:00:11,401   Imaginary: 26691, Real: 10
2024-07-29 23:00:11,401   Imaginary: 267, Real: 0
2024-07-29 23:00:11,401   Imaginary: -15785, Real: 23537
2024-07-29 23:00:11,401   Imaginary: 2, Real: 0
2024-07-29 23:00:11,401   Imaginary: 1, Real: 0
2024-07-29 23:00:11,401   Imaginary: 0, Real: 0
2024-07-29 23:00:11,401   Imaginary: 10, Real: 0
2024-07-29 23:00:11,401   Imaginary: 0, Real: 6
2024-07-29 23:00:11,401   Imaginary: 21536, Real: 2048
2024-07-29 23:00:11,401   Imaginary: 25487, Real: 1
2024-07-29 23:00:11,401   Imaginary: 21886, Real: 0
2024-07-29 23:00:11,401   Imaginary: 2, Real: 0
2024-07-29 23:00:11,401   Imaginary: 258, Real: 772
2024-07-29 23:00:11,401   Imaginary: 1286, Real: 1800
2024-07-29 23:00:11,401   Imaginary: 512, Real: 774
2024-07-29 23:00:11,401   Imaginary: 64, Real: 6
2024-07-29 23:00:11,401   Imaginary: 26691, Real: 10
2024-07-29 23:00:11,401   Imaginary: 268, Real: 0
2024-07-29 23:00:11,401   Imaginary: 2644, Real: 24301
2024-07-29 23:00:11,401   Imaginary: 5, Real: 0
2024-07-29 23:00:11,401   Imaginary: 1, Real: 0
2024-07-29 23:00:11,401   Imaginary: 0, Real: 0
2024-07-29 23:00:11,401   Imaginary: 10, Real: 0
2024-07-29 23:00:11,401   Imaginary: 0, Real: 6
2024-07-29 23:00:11,401   Imaginary: 21536, Real: 2048
2024-07-29 23:00:11,402   Imaginary: -16628, Real: 1
2024-07-29 23:00:11,402   Imaginary: 21021, Real: 0
2024-07-29 23:00:11,402   Imaginary: 5, Real: 0
2024-07-29 23:00:11,402   Imaginary: 258, Real: 772
2024-07-29 23:00:11,402   Imaginary: 1286, Real: 1800
2024-07-29 23:00:11,402   Imaginary: 512, Real: 774
2024-07-29 23:00:11,402   Imaginary: 64, Real: 6
2024-07-29 23:00:11,402   Imaginary: 26691, Real: 10
2024-07-29 23:00:11,402   Imaginary: 269, Real: 0
2024-07-29 23:00:11,402   Imaginary: 3311, Real: 25064
2024-07-29 23:00:11,402   Imaginary: 4, Real: 0
2024-07-29 23:00:11,402   Imaginary: 1, Real: 0
2024-07-29 23:00:11,402   Imaginary: 0, Real: 0
2024-07-29 23:00:11,402   Imaginary: 10, Real: 0
2024-07-29 23:00:11,402   Imaginary: 0, Real: 6
2024-07-29 23:00:11,402   Imaginary: 21536, Real: 2048
2024-07-29 23:00:11,402   Imaginary: -14981, Real: 1
2024-07-29 23:00:11,402   Imaginary: 21812, Real: 0
2024-07-29 23:00:11,402   Imaginary: 4, Real: 0
2024-07-29 23:00:11,402   Imaginary: 258, Real: 772
2024-07-29 23:00:11,402   Imaginary: 1286, Real: 1800
2024-07-29 23:00:11,402   Imaginary: 512, Real: 774
2024-07-29 23:00:11,402   Imaginary: 64, Real: 6
2024-07-29 23:00:11,402   Imaginary: 26691, Real: 10
2024-07-29 23:00:11,402   Imaginary: 270, Real: 0
2024-07-29 23:00:11,402   Imaginary: -26600, Real: 25826
2024-07-29 23:00:11,402   Imaginary: 2, Real: 0
2024-07-29 23:00:11,402   Imaginary: 1, Real: 0
2024-07-29 23:00:11,402   Imaginary: 0, Real: 0
2024-07-29 23:00:11,402   Imaginary: 10, Real: 0
2024-07-29 23:00:11,402   Imaginary: 0, Real: 6
2024-07-29 23:00:11,402   Imaginary: 21536, Real: 2048
2024-07-29 23:00:11,402   Imaginary: 25355, Real: 1
2024-07-29 23:00:11,402   Imaginary: 21798, Real: 0
2024-07-29 23:00:11,402   Imaginary: 2, Real: 0
2024-07-29 23:00:11,402   Imaginary: 258, Real: 772
2024-07-29 23:00:11,402   Imaginary: 1286, Real: 1800
2024-07-29 23:00:11,402   Imaginary: 512, Real: 774
2024-07-29 23:00:11,402   Imaginary: 64, Real: 6
2024-07-29 23:00:11,402   Imaginary: 26691, Real: 10
2024-07-29 23:00:11,402   Imaginary: 271, Real: 0
2024-07-29 23:00:11,402   Imaginary: -30854, Real: 26589
2024-07-29 23:00:11,402   Imaginary: 2, Real: 0
2024-07-29 23:00:11,402   Imaginary: 1, Real: 0
2024-07-29 23:00:11,402   Imaginary: 0, Real: 0
2024-07-29 23:00:11,402   Imaginary: 10, Real: 0
2024-07-29 23:00:11,402   Imaginary: 0, Real: 6
2024-07-29 23:00:11,402   Imaginary: 21536, Real: 2048
2024-07-29 23:00:11,402   Imaginary: 25373, Real: 1
2024-07-29 23:00:11,402   Imaginary: 21854, Real: 0
2024-07-29 23:00:11,402   Imaginary: 2, Real: 0
2024-07-29 23:00:11,402 Number of elements printed = 3860
